dimension,pooled_cells_legacy_as_submitted,model_level_legacy,model_level_strict
productivity,0.12582815734989647,0.11417233560090703,0.11372590702947846
decision,0.039958592132505175,0.024284297052154197,0.024851190476190475
trust,0.032196969696969696,0.004216269841269836,0.004216269841269836
reliability,0.017212301587301585,-0.00986394557823129,0.0407312925170068
moral,-0.027436323366555927,-0.03251133786848072,-0.019791666666666662
emotion,-0.21236359126984125,-0.19405824829931975,-0.18539540816326533
creativity,-0.29535957240038874,-0.300751133786848,-0.3012719671201814
worth,-0.35924272486772485,-0.3446782879818594,-0.34590065192743763
H1_overall,-0.08930224867724869,-0.09239875637755102,-0.08360437925170068
