model,family,alignment_stage,dimension,language,template,mean_ai,mean_human,n_ai,n_human,a
google/gemma-2-2b-it,Gemma,instruct,creativity,en,0,3.0,5.0,8.0,8.0,-0.3333333333333333
google/gemma-2-2b-it,Gemma,instruct,creativity,en,1,2.25,5.0,8.0,8.0,-0.4583333333333333
google/gemma-2-2b-it,Gemma,instruct,creativity,en,2,4.0,6.5,8.0,8.0,-0.4166666666666667
google/gemma-2-2b-it,Gemma,instruct,creativity,zh,0,3.5,6.0,8.0,8.0,-0.4166666666666667
google/gemma-2-2b-it,Gemma,instruct,creativity,zh,1,3.0,4.75,8.0,8.0,-0.2916666666666667
google/gemma-2-2b-it,Gemma,instruct,creativity,zh,2,3.875,5.0,8.0,8.0,-0.1875
google/gemma-2-2b-it,Gemma,instruct,decision,en,0,3.0,5.0,8.0,8.0,-0.3333333333333333
google/gemma-2-2b-it,Gemma,instruct,decision,en,1,2.125,4.0,8.0,8.0,-0.3125
google/gemma-2-2b-it,Gemma,instruct,decision,en,2,3.125,4.875,8.0,8.0,-0.2916666666666667
google/gemma-2-2b-it,Gemma,instruct,decision,en,3,3.0,3.0,8.0,8.0,0.0
google/gemma-2-2b-it,Gemma,instruct,decision,zh,0,4.0,4.0,8.0,8.0,0.0
google/gemma-2-2b-it,Gemma,instruct,decision,zh,1,4.25,3.875,8.0,8.0,0.0625
google/gemma-2-2b-it,Gemma,instruct,decision,zh,2,4.75,5.0,8.0,8.0,-0.041666666666666664
google/gemma-2-2b-it,Gemma,instruct,emotion,en,0,1.0,5.0,8.0,8.0,-0.6666666666666666
google/gemma-2-2b-it,Gemma,instruct,emotion,en,1,1.0,5.0,8.0,8.0,-0.6666666666666666
google/gemma-2-2b-it,Gemma,instruct,emotion,en,2,2.125,5.0,8.0,8.0,-0.4791666666666667
google/gemma-2-2b-it,Gemma,instruct,emotion,en,3,2.625,3.0,8.0,8.0,-0.0625
google/gemma-2-2b-it,Gemma,instruct,emotion,zh,0,4.0,4.0,8.0,8.0,0.0
google/gemma-2-2b-it,Gemma,instruct,emotion,zh,1,5.0,4.375,8.0,8.0,0.10416666666666667
google/gemma-2-2b-it,Gemma,instruct,emotion,zh,2,5.0,5.0,8.0,8.0,0.0
google/gemma-2-2b-it,Gemma,instruct,moral,en,2,4.5,4.5,8.0,8.0,0.0
google/gemma-2-2b-it,Gemma,instruct,moral,zh,0,3.0,3.0,8.0,8.0,0.0
google/gemma-2-2b-it,Gemma,instruct,moral,zh,1,3.0,3.25,8.0,8.0,-0.041666666666666664
google/gemma-2-2b-it,Gemma,instruct,moral,zh,2,5.0,5.0,8.0,8.0,0.0
google/gemma-2-2b-it,Gemma,instruct,productivity,en,0,5.0,4.0,8.0,8.0,0.16666666666666666
google/gemma-2-2b-it,Gemma,instruct,productivity,en,2,3.75,3.875,8.0,8.0,-0.020833333333333332
google/gemma-2-2b-it,Gemma,instruct,productivity,zh,0,4.75,5.0,8.0,8.0,-0.041666666666666664
google/gemma-2-2b-it,Gemma,instruct,productivity,zh,1,3.5,3.0,8.0,8.0,0.08333333333333333
google/gemma-2-2b-it,Gemma,instruct,productivity,zh,2,5.0,5.0,8.0,8.0,0.0
google/gemma-2-2b-it,Gemma,instruct,productivity,zh,3,1.0,3.0,8.0,8.0,-0.3333333333333333
google/gemma-2-2b-it,Gemma,instruct,reliability,en,0,3.0,4.0,8.0,8.0,-0.16666666666666666
google/gemma-2-2b-it,Gemma,instruct,reliability,en,1,3.125,4.0,8.0,8.0,-0.14583333333333334
google/gemma-2-2b-it,Gemma,instruct,reliability,en,2,3.0,4.0,8.0,8.0,-0.16666666666666666
google/gemma-2-2b-it,Gemma,instruct,reliability,zh,0,4.0,3.875,8.0,8.0,0.020833333333333332
google/gemma-2-2b-it,Gemma,instruct,reliability,zh,1,4.875,3.0,8.0,8.0,0.3125
google/gemma-2-2b-it,Gemma,instruct,reliability,zh,2,4.875,4.75,8.0,8.0,0.020833333333333332
google/gemma-2-2b-it,Gemma,instruct,reliability,zh,3,3.25,3.0,8.0,8.0,0.041666666666666664
google/gemma-2-2b-it,Gemma,instruct,trust,en,0,3.0,3.875,8.0,8.0,-0.14583333333333334
google/gemma-2-2b-it,Gemma,instruct,trust,en,2,3.0,3.0,8.0,8.0,0.0
google/gemma-2-2b-it,Gemma,instruct,trust,zh,0,3.0,3.875,8.0,8.0,-0.14583333333333334
google/gemma-2-2b-it,Gemma,instruct,trust,zh,1,3.5,3.0,8.0,8.0,0.08333333333333333
google/gemma-2-2b-it,Gemma,instruct,trust,zh,2,4.75,5.0,8.0,8.0,-0.041666666666666664
google/gemma-2-2b-it,Gemma,instruct,trust,zh,3,1.25,3.0,8.0,8.0,-0.2916666666666667
google/gemma-2-2b-it,Gemma,instruct,worth,en,0,3.0,4.0,8.0,7.0,-0.16666666666666666
google/gemma-2-2b-it,Gemma,instruct,worth,en,1,1.875,5.0,8.0,7.0,-0.5208333333333334
google/gemma-2-2b-it,Gemma,instruct,worth,en,2,3.0,4.875,8.0,8.0,-0.3125
google/gemma-2-2b-it,Gemma,instruct,worth,en,3,2.5,2.2,8.0,5.0,0.04999999999999997
google/gemma-2-2b-it,Gemma,instruct,worth,zh,0,3.0,4.75,8.0,8.0,-0.2916666666666667
google/gemma-2-2b-it,Gemma,instruct,worth,zh,1,3.25,7.0,8.0,8.0,-0.625
google/gemma-2-2b-it,Gemma,instruct,worth,zh,2,5.0,5.0,8.0,8.0,0.0
google/gemma-2-2b-it,Gemma,instruct,worth,zh,3,1.0,4.75,8.0,4.0,-0.625
meta/llama-3.1-8b-instruct,Llama,instruct,creativity,en,0,4.625,6.0,8.0,8.0,-0.22916666666666666
meta/llama-3.1-8b-instruct,Llama,instruct,creativity,en,1,5.0,5.625,8.0,8.0,-0.10416666666666667
meta/llama-3.1-8b-instruct,Llama,instruct,creativity,en,2,3.625,6.0,8.0,8.0,-0.3958333333333333
meta/llama-3.1-8b-instruct,Llama,instruct,creativity,en,3,6.0,5.625,8.0,8.0,0.0625
meta/llama-3.1-8b-instruct,Llama,instruct,creativity,zh,0,3.875,5.875,8.0,8.0,-0.3333333333333333
meta/llama-3.1-8b-instruct,Llama,instruct,creativity,zh,1,4.75,5.875,8.0,8.0,-0.1875
meta/llama-3.1-8b-instruct,Llama,instruct,creativity,zh,2,3.625,5.625,8.0,8.0,-0.3333333333333333
meta/llama-3.1-8b-instruct,Llama,instruct,creativity,zh,3,4.0,5.0,8.0,8.0,-0.16666666666666666
meta/llama-3.1-8b-instruct,Llama,instruct,decision,en,0,4.75,4.5,8.0,8.0,0.041666666666666664
meta/llama-3.1-8b-instruct,Llama,instruct,decision,en,1,5.75,4.5,8.0,8.0,0.20833333333333334
meta/llama-3.1-8b-instruct,Llama,instruct,decision,en,2,4.25,4.0,8.0,8.0,0.041666666666666664
meta/llama-3.1-8b-instruct,Llama,instruct,decision,en,3,5.75,5.125,8.0,8.0,0.10416666666666667
meta/llama-3.1-8b-instruct,Llama,instruct,decision,zh,0,4.875,3.625,8.0,8.0,0.20833333333333334
meta/llama-3.1-8b-instruct,Llama,instruct,decision,zh,1,5.0,4.5,8.0,8.0,0.08333333333333333
meta/llama-3.1-8b-instruct,Llama,instruct,decision,zh,2,5.25,3.75,8.0,8.0,0.25
meta/llama-3.1-8b-instruct,Llama,instruct,decision,zh,3,5.375,4.375,8.0,8.0,0.16666666666666666
meta/llama-3.1-8b-instruct,Llama,instruct,emotion,en,0,4.125,4.5,8.0,8.0,-0.0625
meta/llama-3.1-8b-instruct,Llama,instruct,emotion,en,1,4.75,4.75,8.0,8.0,0.0
meta/llama-3.1-8b-instruct,Llama,instruct,emotion,en,2,3.375,4.375,8.0,8.0,-0.16666666666666666
meta/llama-3.1-8b-instruct,Llama,instruct,emotion,en,3,5.125,5.625,8.0,8.0,-0.08333333333333333
meta/llama-3.1-8b-instruct,Llama,instruct,emotion,zh,0,4.375,4.25,8.0,8.0,0.020833333333333332
meta/llama-3.1-8b-instruct,Llama,instruct,emotion,zh,1,5.125,4.125,8.0,8.0,0.16666666666666666
meta/llama-3.1-8b-instruct,Llama,instruct,emotion,zh,2,4.625,4.125,8.0,8.0,0.08333333333333333
meta/llama-3.1-8b-instruct,Llama,instruct,emotion,zh,3,4.375,4.0,8.0,8.0,0.0625
meta/llama-3.1-8b-instruct,Llama,instruct,moral,en,0,3.75,4.0,8.0,8.0,-0.041666666666666664
meta/llama-3.1-8b-instruct,Llama,instruct,moral,en,1,4.25,4.375,8.0,8.0,-0.020833333333333332
meta/llama-3.1-8b-instruct,Llama,instruct,moral,en,2,3.0,4.0,8.0,8.0,-0.16666666666666666
meta/llama-3.1-8b-instruct,Llama,instruct,moral,en,3,4.875,4.625,8.0,8.0,0.041666666666666664
meta/llama-3.1-8b-instruct,Llama,instruct,moral,zh,0,4.25,3.75,8.0,8.0,0.08333333333333333
meta/llama-3.1-8b-instruct,Llama,instruct,moral,zh,1,4.5,3.875,8.0,8.0,0.10416666666666667
meta/llama-3.1-8b-instruct,Llama,instruct,moral,zh,2,2.875,4.0,8.0,8.0,-0.1875
meta/llama-3.1-8b-instruct,Llama,instruct,moral,zh,3,4.125,3.875,8.0,8.0,0.041666666666666664
meta/llama-3.1-8b-instruct,Llama,instruct,productivity,en,0,6.125,4.0,8.0,8.0,0.3541666666666667
meta/llama-3.1-8b-instruct,Llama,instruct,productivity,en,1,6.125,4.5,8.0,8.0,0.2708333333333333
meta/llama-3.1-8b-instruct,Llama,instruct,productivity,en,2,5.75,4.125,8.0,8.0,0.2708333333333333
meta/llama-3.1-8b-instruct,Llama,instruct,productivity,en,3,6.0,5.125,8.0,8.0,0.14583333333333334
meta/llama-3.1-8b-instruct,Llama,instruct,productivity,zh,0,5.25,4.125,8.0,8.0,0.1875
meta/llama-3.1-8b-instruct,Llama,instruct,productivity,zh,1,5.125,3.5625,8.0,8.0,0.2604166666666667
meta/llama-3.1-8b-instruct,Llama,instruct,productivity,zh,2,5.0,4.375,8.0,8.0,0.10416666666666667
meta/llama-3.1-8b-instruct,Llama,instruct,productivity,zh,3,4.625,5.875,8.0,8.0,-0.20833333333333334
meta/llama-3.1-8b-instruct,Llama,instruct,reliability,en,0,4.5,4.5,8.0,8.0,0.0
meta/llama-3.1-8b-instruct,Llama,instruct,reliability,en,1,5.25,4.625,8.0,8.0,0.10416666666666667
meta/llama-3.1-8b-instruct,Llama,instruct,reliability,en,2,3.875,4.0,8.0,8.0,-0.020833333333333332
meta/llama-3.1-8b-instruct,Llama,instruct,reliability,en,3,5.375,6.0,8.0,8.0,-0.10416666666666667
meta/llama-3.1-8b-instruct,Llama,instruct,reliability,zh,0,4.875,3.875,8.0,8.0,0.16666666666666666
meta/llama-3.1-8b-instruct,Llama,instruct,reliability,zh,1,4.375,4.125,8.0,8.0,0.041666666666666664
meta/llama-3.1-8b-instruct,Llama,instruct,reliability,zh,2,3.5,3.875,8.0,8.0,-0.0625
meta/llama-3.1-8b-instruct,Llama,instruct,reliability,zh,3,4.625,5.0,8.0,8.0,-0.0625
meta/llama-3.1-8b-instruct,Llama,instruct,trust,en,0,4.125,4.625,8.0,8.0,-0.08333333333333333
meta/llama-3.1-8b-instruct,Llama,instruct,trust,en,1,5.0,5.0,8.0,8.0,0.0
meta/llama-3.1-8b-instruct,Llama,instruct,trust,en,2,3.75,4.125,8.0,8.0,-0.0625
meta/llama-3.1-8b-instruct,Llama,instruct,trust,en,3,5.125,4.625,8.0,8.0,0.08333333333333333
meta/llama-3.1-8b-instruct,Llama,instruct,trust,zh,0,4.375,3.75,8.0,8.0,0.10416666666666667
meta/llama-3.1-8b-instruct,Llama,instruct,trust,zh,1,4.0,3.625,8.0,8.0,0.0625
meta/llama-3.1-8b-instruct,Llama,instruct,trust,zh,2,4.375,4.0,8.0,8.0,0.0625
meta/llama-3.1-8b-instruct,Llama,instruct,trust,zh,3,4.75,4.25,8.0,8.0,0.08333333333333333
meta/llama-3.1-8b-instruct,Llama,instruct,worth,en,0,3.75,7.0,8.0,8.0,-0.5416666666666666
meta/llama-3.1-8b-instruct,Llama,instruct,worth,en,1,5.0,7.0,8.0,8.0,-0.3333333333333333
meta/llama-3.1-8b-instruct,Llama,instruct,worth,en,2,4.25,6.625,8.0,8.0,-0.3958333333333333
meta/llama-3.1-8b-instruct,Llama,instruct,worth,en,3,5.5,4.625,8.0,8.0,0.14583333333333334
meta/llama-3.1-8b-instruct,Llama,instruct,worth,zh,0,4.875,4.285714285714286,8.0,7.0,0.09821428571428574
meta/llama-3.1-8b-instruct,Llama,instruct,worth,zh,1,4.875,5.625,8.0,8.0,-0.125
meta/llama-3.1-8b-instruct,Llama,instruct,worth,zh,2,2.625,5.0,8.0,8.0,-0.3958333333333333
meta/llama-3.1-8b-instruct,Llama,instruct,worth,zh,3,5.25,4.875,8.0,8.0,0.0625
meta/llama-3.3-70b-instruct,Llama,instruct,creativity,en,0,4.0,6.0,8.0,8.0,-0.3333333333333333
meta/llama-3.3-70b-instruct,Llama,instruct,creativity,en,1,4.0,6.0,8.0,8.0,-0.3333333333333333
meta/llama-3.3-70b-instruct,Llama,instruct,creativity,en,2,4.0,6.0,8.0,8.0,-0.3333333333333333
meta/llama-3.3-70b-instruct,Llama,instruct,creativity,en,3,5.0,6.0,8.0,8.0,-0.16666666666666666
meta/llama-3.3-70b-instruct,Llama,instruct,creativity,zh,0,4.0,6.0,8.0,8.0,-0.3333333333333333
meta/llama-3.3-70b-instruct,Llama,instruct,creativity,zh,1,4.0,6.875,8.0,8.0,-0.4791666666666667
meta/llama-3.3-70b-instruct,Llama,instruct,creativity,zh,2,3.5,6.0,8.0,8.0,-0.4166666666666667
meta/llama-3.3-70b-instruct,Llama,instruct,creativity,zh,3,6.0,7.0,8.0,8.0,-0.16666666666666666
meta/llama-3.3-70b-instruct,Llama,instruct,decision,en,0,4.5,4.625,8.0,8.0,-0.020833333333333332
meta/llama-3.3-70b-instruct,Llama,instruct,decision,en,1,4.625,4.125,8.0,8.0,0.08333333333333333
meta/llama-3.3-70b-instruct,Llama,instruct,decision,en,2,4.75,4.0,8.0,8.0,0.125
meta/llama-3.3-70b-instruct,Llama,instruct,decision,en,3,5.0,4.0,8.0,8.0,0.16666666666666666
meta/llama-3.3-70b-instruct,Llama,instruct,decision,zh,0,6.0,4.0,8.0,8.0,0.3333333333333333
meta/llama-3.3-70b-instruct,Llama,instruct,decision,zh,1,6.0,4.0,8.0,8.0,0.3333333333333333
meta/llama-3.3-70b-instruct,Llama,instruct,decision,zh,2,5.875,4.0,8.0,8.0,0.3125
meta/llama-3.3-70b-instruct,Llama,instruct,decision,zh,3,6.0,5.75,8.0,8.0,0.041666666666666664
meta/llama-3.3-70b-instruct,Llama,instruct,emotion,en,0,2.0,6.0,8.0,8.0,-0.6666666666666666
meta/llama-3.3-70b-instruct,Llama,instruct,emotion,en,1,3.125,6.0,8.0,8.0,-0.4791666666666667
meta/llama-3.3-70b-instruct,Llama,instruct,emotion,en,2,2.0,6.0,8.0,8.0,-0.6666666666666666
meta/llama-3.3-70b-instruct,Llama,instruct,emotion,en,3,4.0,6.0,8.0,8.0,-0.3333333333333333
meta/llama-3.3-70b-instruct,Llama,instruct,emotion,zh,0,6.0,4.0,8.0,8.0,0.3333333333333333
meta/llama-3.3-70b-instruct,Llama,instruct,emotion,zh,1,4.125,4.375,8.0,8.0,-0.041666666666666664
meta/llama-3.3-70b-instruct,Llama,instruct,emotion,zh,2,4.0,5.75,8.0,8.0,-0.2916666666666667
meta/llama-3.3-70b-instruct,Llama,instruct,emotion,zh,3,6.0,6.0,8.0,8.0,0.0
meta/llama-3.3-70b-instruct,Llama,instruct,moral,en,0,4.0,4.0,8.0,8.0,0.0
meta/llama-3.3-70b-instruct,Llama,instruct,moral,en,1,4.0,4.0,8.0,8.0,0.0
meta/llama-3.3-70b-instruct,Llama,instruct,moral,en,2,4.0,4.0,8.0,8.0,0.0
meta/llama-3.3-70b-instruct,Llama,instruct,moral,en,3,4.0,5.75,8.0,8.0,-0.2916666666666667
meta/llama-3.3-70b-instruct,Llama,instruct,moral,zh,0,4.0,4.0,8.0,8.0,0.0
meta/llama-3.3-70b-instruct,Llama,instruct,moral,zh,1,3.5,4.0,8.0,8.0,-0.08333333333333333
meta/llama-3.3-70b-instruct,Llama,instruct,moral,zh,2,4.0,4.0,8.0,8.0,0.0
meta/llama-3.3-70b-instruct,Llama,instruct,moral,zh,3,5.5,4.0,8.0,8.0,0.25
meta/llama-3.3-70b-instruct,Llama,instruct,productivity,en,0,6.0,4.0,8.0,8.0,0.3333333333333333
meta/llama-3.3-70b-instruct,Llama,instruct,productivity,en,1,6.0,5.0,8.0,8.0,0.16666666666666666
meta/llama-3.3-70b-instruct,Llama,instruct,productivity,en,2,6.0,4.0,8.0,8.0,0.3333333333333333
meta/llama-3.3-70b-instruct,Llama,instruct,productivity,en,3,6.0,6.0,8.0,8.0,0.0
meta/llama-3.3-70b-instruct,Llama,instruct,productivity,zh,0,6.0,4.0,8.0,8.0,0.3333333333333333
meta/llama-3.3-70b-instruct,Llama,instruct,productivity,zh,1,6.0,6.0,8.0,8.0,0.0
meta/llama-3.3-70b-instruct,Llama,instruct,productivity,zh,2,6.0,2.0,8.0,8.0,0.6666666666666666
meta/llama-3.3-70b-instruct,Llama,instruct,productivity,zh,3,6.0,6.0,8.0,8.0,0.0
meta/llama-3.3-70b-instruct,Llama,instruct,reliability,en,0,4.125,4.0,8.0,8.0,0.020833333333333332
meta/llama-3.3-70b-instruct,Llama,instruct,reliability,en,1,4.125,4.0,8.0,8.0,0.020833333333333332
meta/llama-3.3-70b-instruct,Llama,instruct,reliability,en,2,4.875,4.0,8.0,8.0,0.14583333333333334
meta/llama-3.3-70b-instruct,Llama,instruct,reliability,en,3,5.0,4.0,8.0,8.0,0.16666666666666666
meta/llama-3.3-70b-instruct,Llama,instruct,reliability,zh,0,6.0,4.0,8.0,8.0,0.3333333333333333
meta/llama-3.3-70b-instruct,Llama,instruct,reliability,zh,1,5.75,4.0,8.0,8.0,0.2916666666666667
meta/llama-3.3-70b-instruct,Llama,instruct,reliability,zh,2,6.0,5.75,8.0,8.0,0.041666666666666664
meta/llama-3.3-70b-instruct,Llama,instruct,reliability,zh,3,6.0,6.0,8.0,8.0,0.0
meta/llama-3.3-70b-instruct,Llama,instruct,trust,en,0,4.0,4.0,8.0,8.0,0.0
meta/llama-3.3-70b-instruct,Llama,instruct,trust,en,1,4.0,4.0,8.0,8.0,0.0
meta/llama-3.3-70b-instruct,Llama,instruct,trust,en,2,4.0,4.0,8.0,8.0,0.0
meta/llama-3.3-70b-instruct,Llama,instruct,trust,en,3,4.0,4.0,8.0,8.0,0.0
meta/llama-3.3-70b-instruct,Llama,instruct,trust,zh,0,6.0,4.0,8.0,8.0,0.3333333333333333
meta/llama-3.3-70b-instruct,Llama,instruct,trust,zh,1,5.125,4.0,8.0,8.0,0.1875
meta/llama-3.3-70b-instruct,Llama,instruct,trust,zh,2,5.375,4.0,8.0,8.0,0.22916666666666666
meta/llama-3.3-70b-instruct,Llama,instruct,trust,zh,3,6.0,4.5,8.0,8.0,0.25
meta/llama-3.3-70b-instruct,Llama,instruct,worth,en,0,1.0,7.0,8.0,8.0,-1.0
meta/llama-3.3-70b-instruct,Llama,instruct,worth,en,1,4.0,7.0,8.0,8.0,-0.5
meta/llama-3.3-70b-instruct,Llama,instruct,worth,en,2,1.75,7.0,8.0,8.0,-0.875
meta/llama-3.3-70b-instruct,Llama,instruct,worth,en,3,4.0,7.0,8.0,8.0,-0.5
meta/llama-3.3-70b-instruct,Llama,instruct,worth,zh,0,4.0,7.0,8.0,8.0,-0.5
meta/llama-3.3-70b-instruct,Llama,instruct,worth,zh,1,4.0,7.0,8.0,8.0,-0.5
meta/llama-3.3-70b-instruct,Llama,instruct,worth,zh,2,4.166666666666667,7.0,6.0,8.0,-0.47222222222222215
meta/llama-3.3-70b-instruct,Llama,instruct,worth,zh,3,7.0,7.0,8.0,8.0,0.0
microsoft/phi-4-mini-instruct,Phi,instruct,creativity,en,0,5.5,6.5,8.0,8.0,-0.16666666666666666
microsoft/phi-4-mini-instruct,Phi,instruct,creativity,en,1,6.0,7.0,6.0,8.0,-0.16666666666666666
microsoft/phi-4-mini-instruct,Phi,instruct,creativity,en,2,4.5,5.857142857142857,8.0,7.0,-0.22619047619047614
microsoft/phi-4-mini-instruct,Phi,instruct,creativity,en,3,4.428571428571429,4.714285714285714,7.0,7.0,-0.047619047619047596
microsoft/phi-4-mini-instruct,Phi,instruct,creativity,zh,0,4.75,7.0,8.0,8.0,-0.375
microsoft/phi-4-mini-instruct,Phi,instruct,creativity,zh,1,4.857142857142857,6.285714285714286,7.0,7.0,-0.23809523809523814
microsoft/phi-4-mini-instruct,Phi,instruct,creativity,zh,2,6.375,7.0,8.0,8.0,-0.10416666666666667
microsoft/phi-4-mini-instruct,Phi,instruct,creativity,zh,3,5.285714285714286,7.0,7.0,8.0,-0.28571428571428575
microsoft/phi-4-mini-instruct,Phi,instruct,decision,en,0,6.125,6.625,8.0,8.0,-0.08333333333333333
microsoft/phi-4-mini-instruct,Phi,instruct,decision,en,1,6.285714285714286,7.0,7.0,8.0,-0.11904761904761907
microsoft/phi-4-mini-instruct,Phi,instruct,decision,en,2,6.0,4.666666666666667,8.0,6.0,0.22222222222222218
microsoft/phi-4-mini-instruct,Phi,instruct,decision,en,3,6.6,7.0,5.0,7.0,-0.06666666666666672
microsoft/phi-4-mini-instruct,Phi,instruct,decision,zh,0,5.75,6.75,8.0,8.0,-0.16666666666666666
microsoft/phi-4-mini-instruct,Phi,instruct,decision,zh,1,5.375,5.375,8.0,8.0,0.0
microsoft/phi-4-mini-instruct,Phi,instruct,decision,zh,2,6.875,7.0,8.0,8.0,-0.020833333333333332
microsoft/phi-4-mini-instruct,Phi,instruct,decision,zh,3,5.375,4.375,8.0,8.0,0.16666666666666666
microsoft/phi-4-mini-instruct,Phi,instruct,emotion,en,0,4.0,7.0,7.0,7.0,-0.5
microsoft/phi-4-mini-instruct,Phi,instruct,emotion,en,1,2.25,7.0,4.0,8.0,-0.7916666666666666
microsoft/phi-4-mini-instruct,Phi,instruct,emotion,en,2,1.875,6.375,8.0,8.0,-0.75
microsoft/phi-4-mini-instruct,Phi,instruct,emotion,en,3,3.875,6.5,8.0,6.0,-0.4375
microsoft/phi-4-mini-instruct,Phi,instruct,emotion,zh,0,6.25,6.5,8.0,8.0,-0.041666666666666664
microsoft/phi-4-mini-instruct,Phi,instruct,emotion,zh,1,5.25,5.625,8.0,8.0,-0.0625
microsoft/phi-4-mini-instruct,Phi,instruct,emotion,zh,2,6.25,6.625,8.0,8.0,-0.0625
microsoft/phi-4-mini-instruct,Phi,instruct,emotion,zh,3,5.0,5.375,8.0,8.0,-0.0625
microsoft/phi-4-mini-instruct,Phi,instruct,moral,en,0,7.0,7.0,6.0,7.0,0.0
microsoft/phi-4-mini-instruct,Phi,instruct,moral,en,1,6.8,1.0,5.0,1.0,0.9666666666666667
microsoft/phi-4-mini-instruct,Phi,instruct,moral,en,2,3.0,6.333333333333333,4.0,3.0,-0.5555555555555555
microsoft/phi-4-mini-instruct,Phi,instruct,moral,en,3,5.8,7.0,5.0,1.0,-0.20000000000000004
microsoft/phi-4-mini-instruct,Phi,instruct,moral,zh,0,2.75,6.875,8.0,8.0,-0.6875
microsoft/phi-4-mini-instruct,Phi,instruct,moral,zh,1,4.875,3.642857142857143,8.0,7.0,0.20535714285714288
microsoft/phi-4-mini-instruct,Phi,instruct,moral,zh,2,6.0,7.0,8.0,8.0,-0.16666666666666666
microsoft/phi-4-mini-instruct,Phi,instruct,moral,zh,3,4.625,4.0,8.0,8.0,0.10416666666666667
microsoft/phi-4-mini-instruct,Phi,instruct,productivity,en,0,6.75,6.75,8.0,8.0,0.0
microsoft/phi-4-mini-instruct,Phi,instruct,productivity,en,1,7.0,5.857142857142857,7.0,7.0,0.19047619047619055
microsoft/phi-4-mini-instruct,Phi,instruct,productivity,en,2,6.625,4.9625,8.0,8.0,0.2770833333333333
microsoft/phi-4-mini-instruct,Phi,instruct,productivity,en,3,7.0,6.0,7.0,8.0,0.16666666666666666
microsoft/phi-4-mini-instruct,Phi,instruct,productivity,zh,0,5.25,6.714285714285714,8.0,7.0,-0.24404761904761907
microsoft/phi-4-mini-instruct,Phi,instruct,productivity,zh,1,5.75,4.875,8.0,8.0,0.14583333333333334
microsoft/phi-4-mini-instruct,Phi,instruct,productivity,zh,2,6.5,6.625,8.0,8.0,-0.020833333333333332
microsoft/phi-4-mini-instruct,Phi,instruct,productivity,zh,3,7.0,7.0,8.0,8.0,0.0
microsoft/phi-4-mini-instruct,Phi,instruct,reliability,en,0,6.625,6.857142857142857,8.0,7.0,-0.03869047619047613
microsoft/phi-4-mini-instruct,Phi,instruct,reliability,en,1,6.857142857142857,6.875,7.0,8.0,-0.0029761904761905398
microsoft/phi-4-mini-instruct,Phi,instruct,reliability,en,2,6.0,5.75,5.0,8.0,0.041666666666666664
microsoft/phi-4-mini-instruct,Phi,instruct,reliability,en,3,6.6,7.0,5.0,7.0,-0.06666666666666672
microsoft/phi-4-mini-instruct,Phi,instruct,reliability,zh,0,6.25,6.5,8.0,8.0,-0.041666666666666664
microsoft/phi-4-mini-instruct,Phi,instruct,reliability,zh,1,6.0,6.5,8.0,8.0,-0.08333333333333333
microsoft/phi-4-mini-instruct,Phi,instruct,reliability,zh,2,6.75,7.0,8.0,8.0,-0.041666666666666664
microsoft/phi-4-mini-instruct,Phi,instruct,reliability,zh,3,5.875,6.142857142857143,8.0,7.0,-0.044642857142857206
microsoft/phi-4-mini-instruct,Phi,instruct,trust,en,0,7.0,6.625,7.0,8.0,0.0625
microsoft/phi-4-mini-instruct,Phi,instruct,trust,en,1,7.0,7.0,8.0,8.0,0.0
microsoft/phi-4-mini-instruct,Phi,instruct,trust,en,2,6.125,5.375,8.0,8.0,0.125
microsoft/phi-4-mini-instruct,Phi,instruct,trust,en,3,6.0,5.166666666666667,5.0,6.0,0.13888888888888884
microsoft/phi-4-mini-instruct,Phi,instruct,trust,zh,0,5.5,6.333333333333333,8.0,6.0,-0.13888888888888884
microsoft/phi-4-mini-instruct,Phi,instruct,trust,zh,1,5.375,5.25,8.0,8.0,0.020833333333333332
microsoft/phi-4-mini-instruct,Phi,instruct,trust,zh,2,6.75,6.0,8.0,8.0,0.125
microsoft/phi-4-mini-instruct,Phi,instruct,trust,zh,3,5.5,5.5,8.0,8.0,0.0
microsoft/phi-4-mini-instruct,Phi,instruct,worth,en,0,6.0,6.4,7.0,5.0,-0.06666666666666672
microsoft/phi-4-mini-instruct,Phi,instruct,worth,en,1,6.75,7.0,8.0,8.0,-0.041666666666666664
microsoft/phi-4-mini-instruct,Phi,instruct,worth,en,2,5.571428571428571,7.0,7.0,8.0,-0.23809523809523814
microsoft/phi-4-mini-instruct,Phi,instruct,worth,en,3,7.0,7.0,7.0,8.0,0.0
microsoft/phi-4-mini-instruct,Phi,instruct,worth,zh,0,5.625,6.875,8.0,8.0,-0.20833333333333334
microsoft/phi-4-mini-instruct,Phi,instruct,worth,zh,1,5.25,6.375,8.0,8.0,-0.1875
microsoft/phi-4-mini-instruct,Phi,instruct,worth,zh,2,6.25,7.0,8.0,8.0,-0.125
microsoft/phi-4-mini-instruct,Phi,instruct,worth,zh,3,5.25,7.0,8.0,8.0,-0.2916666666666667
mistralai/mixtral-8x7b-instruct-v0.1,Mistral,instruct,creativity,en,2,5.0,7.0,8.0,8.0,-0.3333333333333333
mistralai/mixtral-8x7b-instruct-v0.1,Mistral,instruct,creativity,zh,0,3.0,5.875,8.0,8.0,-0.4791666666666667
mistralai/mixtral-8x7b-instruct-v0.1,Mistral,instruct,creativity,zh,2,2.0,5.0,8.0,8.0,-0.5
mistralai/mixtral-8x7b-instruct-v0.1,Mistral,instruct,creativity,zh,3,4.75,5.0,8.0,8.0,-0.041666666666666664
mistralai/mixtral-8x7b-instruct-v0.1,Mistral,instruct,decision,zh,0,5.25,6.0,8.0,8.0,-0.125
mistralai/mixtral-8x7b-instruct-v0.1,Mistral,instruct,decision,zh,1,5.0,5.0,6.0,8.0,0.0
mistralai/mixtral-8x7b-instruct-v0.1,Mistral,instruct,decision,zh,2,5.0,5.0,8.0,8.0,0.0
mistralai/mixtral-8x7b-instruct-v0.1,Mistral,instruct,decision,zh,3,7.0,5.0,8.0,8.0,0.3333333333333333
mistralai/mixtral-8x7b-instruct-v0.1,Mistral,instruct,emotion,zh,0,5.0,5.0,7.0,8.0,0.0
mistralai/mixtral-8x7b-instruct-v0.1,Mistral,instruct,emotion,zh,1,5.0,5.0,7.0,8.0,0.0
mistralai/mixtral-8x7b-instruct-v0.1,Mistral,instruct,emotion,zh,2,5.5,4.875,8.0,8.0,0.10416666666666667
mistralai/mixtral-8x7b-instruct-v0.1,Mistral,instruct,emotion,zh,3,5.5,5.0,8.0,8.0,0.08333333333333333
mistralai/mixtral-8x7b-instruct-v0.1,Mistral,instruct,moral,zh,0,5.0,5.5,8.0,8.0,-0.08333333333333333
mistralai/mixtral-8x7b-instruct-v0.1,Mistral,instruct,moral,zh,1,5.666666666666667,3.4285714285714284,3.0,7.0,0.3730158730158731
mistralai/mixtral-8x7b-instruct-v0.1,Mistral,instruct,moral,zh,2,5.0,7.0,8.0,8.0,-0.3333333333333333
mistralai/mixtral-8x7b-instruct-v0.1,Mistral,instruct,moral,zh,3,1.0,1.0,1.0,8.0,0.0
mistralai/mixtral-8x7b-instruct-v0.1,Mistral,instruct,productivity,zh,0,5.0,5.5,8.0,8.0,-0.08333333333333333
mistralai/mixtral-8x7b-instruct-v0.1,Mistral,instruct,productivity,zh,1,5.0,5.0,2.0,8.0,0.0
mistralai/mixtral-8x7b-instruct-v0.1,Mistral,instruct,productivity,zh,2,5.125,5.0,8.0,8.0,0.020833333333333332
mistralai/mixtral-8x7b-instruct-v0.1,Mistral,instruct,productivity,zh,3,6.5,5.0,8.0,8.0,0.25
mistralai/mixtral-8x7b-instruct-v0.1,Mistral,instruct,reliability,zh,1,5.25,5.5,8.0,8.0,-0.041666666666666664
mistralai/mixtral-8x7b-instruct-v0.1,Mistral,instruct,reliability,zh,3,5.0,7.0,8.0,8.0,-0.3333333333333333
mistralai/mixtral-8x7b-instruct-v0.1,Mistral,instruct,trust,zh,0,7.0,7.0,8.0,6.0,0.0
mistralai/mixtral-8x7b-instruct-v0.1,Mistral,instruct,trust,zh,1,5.0,6.0,8.0,8.0,-0.16666666666666666
mistralai/mixtral-8x7b-instruct-v0.1,Mistral,instruct,trust,zh,2,7.0,7.0,8.0,8.0,0.0
mistralai/mixtral-8x7b-instruct-v0.1,Mistral,instruct,trust,zh,3,5.0,7.0,8.0,8.0,-0.3333333333333333
mistralai/mixtral-8x7b-instruct-v0.1,Mistral,instruct,worth,zh,0,7.0,7.0,8.0,8.0,0.0
mistralai/mixtral-8x7b-instruct-v0.1,Mistral,instruct,worth,zh,1,5.0,7.0,8.0,8.0,-0.3333333333333333
mistralai/mixtral-8x7b-instruct-v0.1,Mistral,instruct,worth,zh,2,6.25,7.0,8.0,8.0,-0.125
mistralai/mixtral-8x7b-instruct-v0.1,Mistral,instruct,worth,zh,3,6.0,7.0,8.0,8.0,-0.16666666666666666
nvidia/nemotron-mini-4b-instruct,Llama,frontier,creativity,en,0,6.6,7.0,5.0,5.0,-0.06666666666666672
nvidia/nemotron-mini-4b-instruct,Llama,frontier,creativity,en,1,4.0,6.0,5.0,5.0,-0.3333333333333333
nvidia/nemotron-mini-4b-instruct,Llama,frontier,creativity,en,2,1.0,7.0,5.0,5.0,-1.0
nvidia/nemotron-mini-4b-instruct,Llama,frontier,creativity,en,3,7.0,7.0,5.0,5.0,0.0
nvidia/nemotron-mini-4b-instruct,Llama,frontier,creativity,zh,1,5.0,5.0,5.0,5.0,0.0
nvidia/nemotron-mini-4b-instruct,Llama,frontier,creativity,zh,2,2.6,6.0,5.0,5.0,-0.5666666666666667
nvidia/nemotron-mini-4b-instruct,Llama,frontier,decision,en,1,5.0,5.0,5.0,5.0,0.0
nvidia/nemotron-mini-4b-instruct,Llama,frontier,decision,zh,1,5.0,5.0,5.0,5.0,0.0
nvidia/nemotron-mini-4b-instruct,Llama,frontier,decision,zh,2,3.0,5.0,5.0,5.0,-0.3333333333333333
nvidia/nemotron-mini-4b-instruct,Llama,frontier,emotion,en,1,3.0,5.0,5.0,5.0,-0.3333333333333333
nvidia/nemotron-mini-4b-instruct,Llama,frontier,emotion,en,3,7.0,7.0,5.0,5.0,0.0
nvidia/nemotron-mini-4b-instruct,Llama,frontier,emotion,zh,0,5.0,6.0,5.0,5.0,-0.16666666666666666
nvidia/nemotron-mini-4b-instruct,Llama,frontier,emotion,zh,1,5.0,5.0,5.0,5.0,0.0
nvidia/nemotron-mini-4b-instruct,Llama,frontier,emotion,zh,2,5.0,6.0,5.0,5.0,-0.16666666666666666
nvidia/nemotron-mini-4b-instruct,Llama,frontier,moral,en,1,5.0,5.0,5.0,5.0,0.0
nvidia/nemotron-mini-4b-instruct,Llama,frontier,moral,en,3,7.0,7.0,5.0,5.0,0.0
nvidia/nemotron-mini-4b-instruct,Llama,frontier,moral,zh,1,5.0,6.0,5.0,5.0,-0.16666666666666666
nvidia/nemotron-mini-4b-instruct,Llama,frontier,moral,zh,2,2.0,2.0,5.0,5.0,0.0
nvidia/nemotron-mini-4b-instruct,Llama,frontier,productivity,en,0,7.0,5.0,5.0,5.0,0.3333333333333333
nvidia/nemotron-mini-4b-instruct,Llama,frontier,productivity,en,1,5.8,5.0,5.0,5.0,0.1333333333333333
nvidia/nemotron-mini-4b-instruct,Llama,frontier,productivity,zh,1,5.0,6.0,5.0,5.0,-0.16666666666666666
nvidia/nemotron-mini-4b-instruct,Llama,frontier,productivity,zh,2,3.0,2.0,5.0,5.0,0.16666666666666666
nvidia/nemotron-mini-4b-instruct,Llama,frontier,reliability,en,0,7.0,1.0,5.0,5.0,1.0
nvidia/nemotron-mini-4b-instruct,Llama,frontier,reliability,en,1,5.0,5.0,5.0,5.0,0.0
nvidia/nemotron-mini-4b-instruct,Llama,frontier,reliability,en,2,5.0,3.0,5.0,5.0,0.3333333333333333
nvidia/nemotron-mini-4b-instruct,Llama,frontier,reliability,en,3,7.0,7.0,5.0,5.0,0.0
nvidia/nemotron-mini-4b-instruct,Llama,frontier,reliability,zh,1,5.0,5.0,5.0,5.0,0.0
nvidia/nemotron-mini-4b-instruct,Llama,frontier,trust,en,1,5.0,5.0,5.0,5.0,0.0
nvidia/nemotron-mini-4b-instruct,Llama,frontier,trust,zh,1,5.0,6.0,5.0,5.0,-0.16666666666666666
nvidia/nemotron-mini-4b-instruct,Llama,frontier,worth,en,0,1.0,7.0,5.0,5.0,-1.0
nvidia/nemotron-mini-4b-instruct,Llama,frontier,worth,en,1,5.4,7.0,5.0,5.0,-0.2666666666666666
nvidia/nemotron-mini-4b-instruct,Llama,frontier,worth,en,3,7.0,7.0,5.0,5.0,0.0
nvidia/nemotron-mini-4b-instruct,Llama,frontier,worth,zh,2,5.0,6.0,5.0,5.0,-0.16666666666666666
qwen/qwen3-next-80b-a3b-instruct,Qwen,instruct,creativity,en,0,4.0,7.0,8.0,8.0,-0.5
qwen/qwen3-next-80b-a3b-instruct,Qwen,instruct,creativity,en,1,4.0,7.0,8.0,8.0,-0.5
qwen/qwen3-next-80b-a3b-instruct,Qwen,instruct,creativity,en,2,3.875,7.0,8.0,8.0,-0.5208333333333334
qwen/qwen3-next-80b-a3b-instruct,Qwen,instruct,creativity,en,3,6.5,5.0,8.0,8.0,0.25
qwen/qwen3-next-80b-a3b-instruct,Qwen,instruct,creativity,zh,0,4.0,7.0,8.0,8.0,-0.5
qwen/qwen3-next-80b-a3b-instruct,Qwen,instruct,creativity,zh,1,5.0,7.0,8.0,8.0,-0.3333333333333333
qwen/qwen3-next-80b-a3b-instruct,Qwen,instruct,creativity,zh,2,3.875,7.0,8.0,8.0,-0.5208333333333334
qwen/qwen3-next-80b-a3b-instruct,Qwen,instruct,creativity,zh,3,5.5,7.0,8.0,8.0,-0.25
qwen/qwen3-next-80b-a3b-instruct,Qwen,instruct,decision,en,0,5.0,5.0,8.0,8.0,0.0
qwen/qwen3-next-80b-a3b-instruct,Qwen,instruct,decision,en,1,5.0,5.0,8.0,8.0,0.0
qwen/qwen3-next-80b-a3b-instruct,Qwen,instruct,decision,en,2,5.0,4.0,8.0,8.0,0.16666666666666666
qwen/qwen3-next-80b-a3b-instruct,Qwen,instruct,decision,en,3,7.0,5.0,8.0,8.0,0.3333333333333333
qwen/qwen3-next-80b-a3b-instruct,Qwen,instruct,decision,zh,0,5.0,5.0,8.0,8.0,0.0
qwen/qwen3-next-80b-a3b-instruct,Qwen,instruct,decision,zh,1,5.0,5.0,8.0,8.0,0.0
qwen/qwen3-next-80b-a3b-instruct,Qwen,instruct,decision,zh,2,5.0,5.0,8.0,8.0,0.0
qwen/qwen3-next-80b-a3b-instruct,Qwen,instruct,decision,zh,3,7.0,7.0,8.0,8.0,0.0
qwen/qwen3-next-80b-a3b-instruct,Qwen,instruct,emotion,en,0,1.0,7.0,8.0,8.0,-1.0
qwen/qwen3-next-80b-a3b-instruct,Qwen,instruct,emotion,en,1,1.0,7.0,8.0,8.0,-1.0
qwen/qwen3-next-80b-a3b-instruct,Qwen,instruct,emotion,en,2,1.0,5.0,8.0,8.0,-0.6666666666666666
qwen/qwen3-next-80b-a3b-instruct,Qwen,instruct,emotion,en,3,5.0,6.75,8.0,8.0,-0.2916666666666667
qwen/qwen3-next-80b-a3b-instruct,Qwen,instruct,emotion,zh,0,5.0,5.0,8.0,8.0,0.0
qwen/qwen3-next-80b-a3b-instruct,Qwen,instruct,emotion,zh,1,5.0,5.0,8.0,8.0,0.0
qwen/qwen3-next-80b-a3b-instruct,Qwen,instruct,emotion,zh,2,5.0,5.0,8.0,8.0,0.0
qwen/qwen3-next-80b-a3b-instruct,Qwen,instruct,emotion,zh,3,6.25,5.5,8.0,8.0,0.125
qwen/qwen3-next-80b-a3b-instruct,Qwen,instruct,moral,en,0,1.0,4.0,8.0,8.0,-0.5
qwen/qwen3-next-80b-a3b-instruct,Qwen,instruct,moral,en,1,7.0,7.0,8.0,8.0,0.0
qwen/qwen3-next-80b-a3b-instruct,Qwen,instruct,moral,en,3,7.0,7.0,8.0,8.0,0.0
qwen/qwen3-next-80b-a3b-instruct,Qwen,instruct,moral,zh,0,4.5,5.0,8.0,8.0,-0.08333333333333333
qwen/qwen3-next-80b-a3b-instruct,Qwen,instruct,moral,zh,1,6.75,4.0,8.0,8.0,0.4583333333333333
qwen/qwen3-next-80b-a3b-instruct,Qwen,instruct,moral,zh,2,5.0,5.0,8.0,8.0,0.0
qwen/qwen3-next-80b-a3b-instruct,Qwen,instruct,moral,zh,3,7.0,6.25,8.0,8.0,0.125
qwen/qwen3-next-80b-a3b-instruct,Qwen,instruct,productivity,en,0,7.0,7.0,8.0,8.0,0.0
qwen/qwen3-next-80b-a3b-instruct,Qwen,instruct,productivity,en,1,7.0,4.875,8.0,8.0,0.3541666666666667
qwen/qwen3-next-80b-a3b-instruct,Qwen,instruct,productivity,en,2,5.0,5.0,8.0,8.0,0.0
qwen/qwen3-next-80b-a3b-instruct,Qwen,instruct,productivity,en,3,7.0,5.0,8.0,8.0,0.3333333333333333
qwen/qwen3-next-80b-a3b-instruct,Qwen,instruct,productivity,zh,0,5.0,5.0,8.0,8.0,0.0
qwen/qwen3-next-80b-a3b-instruct,Qwen,instruct,productivity,zh,1,7.0,4.0,8.0,8.0,0.5
qwen/qwen3-next-80b-a3b-instruct,Qwen,instruct,productivity,zh,2,5.0,5.0,8.0,8.0,0.0
qwen/qwen3-next-80b-a3b-instruct,Qwen,instruct,productivity,zh,3,7.0,5.0,8.0,8.0,0.3333333333333333
qwen/qwen3-next-80b-a3b-instruct,Qwen,instruct,reliability,en,0,4.125,3.875,8.0,8.0,0.041666666666666664
qwen/qwen3-next-80b-a3b-instruct,Qwen,instruct,reliability,en,1,4.0,4.0,8.0,8.0,0.0
qwen/qwen3-next-80b-a3b-instruct,Qwen,instruct,reliability,en,2,4.125,3.75,8.0,8.0,0.0625
qwen/qwen3-next-80b-a3b-instruct,Qwen,instruct,reliability,en,3,7.0,6.0,8.0,8.0,0.16666666666666666
qwen/qwen3-next-80b-a3b-instruct,Qwen,instruct,reliability,zh,0,5.0,4.0,8.0,8.0,0.16666666666666666
qwen/qwen3-next-80b-a3b-instruct,Qwen,instruct,reliability,zh,1,5.0,4.0,8.0,8.0,0.16666666666666666
qwen/qwen3-next-80b-a3b-instruct,Qwen,instruct,reliability,zh,2,5.0,5.0,8.0,8.0,0.0
qwen/qwen3-next-80b-a3b-instruct,Qwen,instruct,reliability,zh,3,7.0,5.0,8.0,8.0,0.3333333333333333
qwen/qwen3-next-80b-a3b-instruct,Qwen,instruct,trust,en,0,4.0,4.0,8.0,8.0,0.0
qwen/qwen3-next-80b-a3b-instruct,Qwen,instruct,trust,en,1,4.0,4.0,8.0,8.0,0.0
qwen/qwen3-next-80b-a3b-instruct,Qwen,instruct,trust,en,2,4.0,4.0,8.0,8.0,0.0
qwen/qwen3-next-80b-a3b-instruct,Qwen,instruct,trust,en,3,7.0,6.375,8.0,8.0,0.10416666666666667
qwen/qwen3-next-80b-a3b-instruct,Qwen,instruct,trust,zh,0,5.0,4.0,8.0,8.0,0.16666666666666666
qwen/qwen3-next-80b-a3b-instruct,Qwen,instruct,trust,zh,1,7.0,4.0,8.0,8.0,0.5
qwen/qwen3-next-80b-a3b-instruct,Qwen,instruct,trust,zh,2,4.625,5.0,8.0,8.0,-0.0625
qwen/qwen3-next-80b-a3b-instruct,Qwen,instruct,trust,zh,3,7.0,5.0,8.0,8.0,0.3333333333333333
qwen/qwen3-next-80b-a3b-instruct,Qwen,instruct,worth,en,0,1.0,7.0,8.0,8.0,-1.0
qwen/qwen3-next-80b-a3b-instruct,Qwen,instruct,worth,en,1,1.0,7.0,8.0,8.0,-1.0
qwen/qwen3-next-80b-a3b-instruct,Qwen,instruct,worth,en,2,1.0,7.0,8.0,8.0,-1.0
qwen/qwen3-next-80b-a3b-instruct,Qwen,instruct,worth,en,3,1.0,7.0,8.0,8.0,-1.0
qwen/qwen3-next-80b-a3b-instruct,Qwen,instruct,worth,zh,0,3.5,7.0,8.0,8.0,-0.5833333333333334
qwen/qwen3-next-80b-a3b-instruct,Qwen,instruct,worth,zh,1,5.625,7.0,8.0,8.0,-0.22916666666666666
qwen/qwen3-next-80b-a3b-instruct,Qwen,instruct,worth,zh,2,1.25,7.0,8.0,8.0,-0.9583333333333334
qwen/qwen3-next-80b-a3b-instruct,Qwen,instruct,worth,zh,3,7.0,7.0,8.0,8.0,0.0
