model,format,hedge,refuse
google/gemma-2-2b-it,compare,7.291666666666667,0.26041666666666663
google/gemma-2-2b-it,forced,5.989583333333334,4.6875
google/gemma-2-2b-it,reflect,5.078125,72.265625
google/gemma-2-2b-it,scenario,46.875,28.125
meta/llama-3.1-8b-instruct,compare,2.604166666666667,0.0
meta/llama-3.1-8b-instruct,forced,8.854166666666668,0.5208333333333333
meta/llama-3.1-8b-instruct,reflect,0.78125,29.6875
meta/llama-3.1-8b-instruct,scenario,6.25,9.375
meta/llama-3.3-70b-instruct,compare,9.375,0.0
meta/llama-3.3-70b-instruct,forced,8.072916666666668,0.0
meta/llama-3.3-70b-instruct,reflect,0.78125,7.03125
meta/llama-3.3-70b-instruct,scenario,21.484375,0.0
microsoft/phi-4-mini-instruct,compare,7.03125,0.78125
microsoft/phi-4-mini-instruct,forced,18.75,8.333333333333332
microsoft/phi-4-mini-instruct,reflect,5.078125,68.359375
microsoft/phi-4-mini-instruct,scenario,38.671875,19.53125
mistralai/mixtral-8x7b-instruct-v0.1,compare,9.114583333333332,0.0
mistralai/mixtral-8x7b-instruct-v0.1,forced,26.822916666666668,1.3020833333333335
mistralai/mixtral-8x7b-instruct-v0.1,reflect,3.125,37.109375
mistralai/mixtral-8x7b-instruct-v0.1,scenario,33.59375,7.8125
nvidia/nemotron-mini-4b-instruct,compare,0.0,0.0
nvidia/nemotron-mini-4b-instruct,forced,11.666666666666666,0.4166666666666667
nvidia/nemotron-mini-4b-instruct,reflect,2.5,0.625
nvidia/nemotron-mini-4b-instruct,scenario,18.75,6.25
qwen/qwen3-next-80b-a3b-instruct,compare,11.458333333333332,1.0416666666666665
qwen/qwen3-next-80b-a3b-instruct,forced,1.8229166666666667,5.989583333333334
qwen/qwen3-next-80b-a3b-instruct,reflect,4.296875,41.796875
qwen/qwen3-next-80b-a3b-instruct,scenario,11.328125,9.375
