"term","estimate","se","df","t","p","p_BH","ci_lo","ci_hi"
"dimensionproductivity",0.129867411106758,0.0560322383946686,46.5641874645991,2.3177266307304,0.0249098730530209,NA,0.0171172309449729,0.242617591268543
"dimensiondecision",0.0279346543461947,0.0561458389197025,46.3626397529391,0.497537393396966,0.621161755442334,NA,-0.0850572076860163,0.140926516378406
"dimensiontrust",0.012530779531428,0.0570025444261387,48.0845560956998,0.21982842446033,0.826935377954197,NA,-0.102075311122215,0.127136870185071
"dimensionreliability",0.00368371529679125,0.0553280665961412,44.6816741773504,0.0665795051845922,0.947213488710578,NA,-0.10777464762192,0.115142078215502
"dimensionmoral",-0.0371113760277113,0.0568947295999726,49.1317232850254,-0.652281437817557,0.517259868168955,NA,-0.151437862687552,0.07721511063213
"dimensionemotion",-0.232151569018369,0.0554306988019065,44.8836940463242,-4.18814076019523,0.000129661987959737,NA,-0.343802712679616,-0.120500425357122
"dimensioncreativity",-0.295027733100292,0.0549888162118634,43.92700331808,-5.36523157660998,2.87436513613651e-06,NA,-0.405855612027993,-0.18419985417259
"dimensionworth",-0.35774862488059,0.0554655119084643,44.8478199230862,-6.44992920052713,6.78734516165813e-08,NA,-0.469472363938687,-0.246024885822492
"dimensionproductivity:lang_c",-0.108230689737283,0.0739863780121539,41.5531551179879,-1.46284617040591,0.151032747296691,0.402753992791177,-0.257588828728394,0.0411274492538276
"dimensiondecision:lang_c",0.0567723343211106,0.0737780864421553,41.1492598638463,0.769501312095187,0.445990648578327,0.676667732527715,-0.0922091224447991,0.20575379108702
"dimensiontrust:lang_c",0.0593231718782814,0.0752683769611613,44.2933010714986,0.78815532197396,0.434803806293335,0.676667732527715,-0.0923419085671022,0.210988252323665
"dimensionreliability:lang_c",-0.0202118754477379,0.0729805297247558,39.6063156505024,-0.276948872856451,0.78325968555946,0.78325968555946,-0.167756712219346,0.12733296132387
"dimensionmoral:lang_c",0.0431977242276524,0.0762486034540091,46.4194454726783,0.566537907198628,0.573757368130991,0.676667732527715,-0.110245338053363,0.196640786508667
"dimensionemotion:lang_c",0.471106960877562,0.0725591308273607,38.6755823129858,6.49273159016282,1.11331867828467e-07,8.90654942627737e-07,0.324302894408484,0.617911027346639
"dimensioncreativity:lang_c",-0.0386177266058163,0.0714368615523573,36.4210276967059,-0.540585431199447,0.59208426596175,0.676667732527715,-0.183440265478779,0.106204812267147
"dimensionworth:lang_c",0.18966599388497,0.0726123631946028,38.8559557966835,2.6120344462094,0.0127284138744844,0.0509136554979375,0.0427762158343195,0.336555771935621
