dimension,G,mean_gap_pp,ci_lo_pp,ci_hi_pp,p_t,p_signflip,k_same_sign,mean_invalid_ai_pct,mean_invalid_human_pct,p_t_BH_dims
ALL,7,0.25111607142857145,-6.117107022437053,6.619339165294195,0.926274971053994,0.875,3,14.84375,14.592633928571427,
productivity,7,3.125,-4.5215995348280575,10.771599534828058,0.3559176837495822,1.0,1,16.071428571428573,12.946428571428573,0.47455691166610964
decision,7,4.241071428571429,-2.0420425255926897,10.524185382735547,0.14969444712428087,0.25,3,17.410714285714285,13.169642857142858,0.3545355218276167
trust,7,-7.5892857142857135,-18.639707790422086,3.4611363618506585,0.14385773544377967,0.25,3,13.392857142857142,20.982142857142858,0.3545355218276167
reliability,7,7.142857142857142,-4.292311120373156,18.57802540608744,0.17726776091380836,0.25,3,17.410714285714285,10.267857142857142,0.3545355218276167
moral,7,-5.803571428571429,-22.752937276911144,11.145794419768286,0.4342209402501511,0.4375,3,20.535714285714285,26.339285714285715,0.4962525031430299
emotion,7,1.3392857142857142,-5.711941107977726,8.390512536549153,0.6584920975921567,0.75,3,12.053571428571429,10.714285714285714,0.6584920975921567
creativity,7,4.910714285714286,-5.884803788675349,15.70623236010392,0.30827615407808495,0.5,2,11.830357142857142,6.919642857142858,0.47455691166610964
worth,7,-5.357142857142857,-12.127789452741006,1.4135037384552913,0.10099046436007422,0.1875,4,10.044642857142858,15.401785714285715,0.3545355218276167
