model,dimension,agent,language,template,category,n
google/gemma-2-2b-it,creativity,ai,en,0,valid,8
google/gemma-2-2b-it,creativity,ai,en,1,valid,8
google/gemma-2-2b-it,creativity,ai,en,2,valid,8
google/gemma-2-2b-it,creativity,ai,en,3,valid,8
google/gemma-2-2b-it,creativity,ai,zh,0,valid,8
google/gemma-2-2b-it,creativity,ai,zh,1,valid,8
google/gemma-2-2b-it,creativity,ai,zh,2,valid,8
google/gemma-2-2b-it,creativity,ai,zh,3,refusal,8
google/gemma-2-2b-it,creativity,human,en,0,valid,8
google/gemma-2-2b-it,creativity,human,en,1,valid,8
google/gemma-2-2b-it,creativity,human,en,2,valid,8
google/gemma-2-2b-it,creativity,human,en,3,refusal,8
google/gemma-2-2b-it,creativity,human,zh,0,valid,8
google/gemma-2-2b-it,creativity,human,zh,1,valid,8
google/gemma-2-2b-it,creativity,human,zh,2,valid,8
google/gemma-2-2b-it,creativity,human,zh,3,valid,8
google/gemma-2-2b-it,decision,ai,en,0,valid,8
google/gemma-2-2b-it,decision,ai,en,1,valid,8
google/gemma-2-2b-it,decision,ai,en,2,valid,8
google/gemma-2-2b-it,decision,ai,en,3,valid,8
google/gemma-2-2b-it,decision,ai,zh,0,valid,8
google/gemma-2-2b-it,decision,ai,zh,1,valid,8
google/gemma-2-2b-it,decision,ai,zh,2,valid,8
google/gemma-2-2b-it,decision,ai,zh,3,refusal,8
google/gemma-2-2b-it,decision,human,en,0,valid,8
google/gemma-2-2b-it,decision,human,en,1,valid,8
google/gemma-2-2b-it,decision,human,en,2,valid,8
google/gemma-2-2b-it,decision,human,en,3,valid,8
google/gemma-2-2b-it,decision,human,zh,0,valid,8
google/gemma-2-2b-it,decision,human,zh,1,valid,8
google/gemma-2-2b-it,decision,human,zh,2,valid,8
google/gemma-2-2b-it,decision,human,zh,3,valid,8
google/gemma-2-2b-it,emotion,ai,en,0,valid,8
google/gemma-2-2b-it,emotion,ai,en,1,valid,8
google/gemma-2-2b-it,emotion,ai,en,2,valid,8
google/gemma-2-2b-it,emotion,ai,en,3,valid,8
google/gemma-2-2b-it,emotion,ai,zh,0,valid,8
google/gemma-2-2b-it,emotion,ai,zh,1,valid,8
google/gemma-2-2b-it,emotion,ai,zh,2,valid,8
google/gemma-2-2b-it,emotion,ai,zh,3,refusal,8
google/gemma-2-2b-it,emotion,human,en,0,valid,8
google/gemma-2-2b-it,emotion,human,en,1,valid,8
google/gemma-2-2b-it,emotion,human,en,2,valid,8
google/gemma-2-2b-it,emotion,human,en,3,valid,8
google/gemma-2-2b-it,emotion,human,zh,0,valid,8
google/gemma-2-2b-it,emotion,human,zh,1,valid,8
google/gemma-2-2b-it,emotion,human,zh,2,valid,8
google/gemma-2-2b-it,emotion,human,zh,3,valid,8
google/gemma-2-2b-it,moral,ai,en,0,valid,8
google/gemma-2-2b-it,moral,ai,en,1,valid,8
google/gemma-2-2b-it,moral,ai,en,2,valid,8
google/gemma-2-2b-it,moral,ai,en,3,hedge,1
google/gemma-2-2b-it,moral,ai,en,3,truncated,7
google/gemma-2-2b-it,moral,ai,zh,0,valid,8
google/gemma-2-2b-it,moral,ai,zh,1,valid,8
google/gemma-2-2b-it,moral,ai,zh,2,valid,8
google/gemma-2-2b-it,moral,ai,zh,3,refusal,4
google/gemma-2-2b-it,moral,ai,zh,3,valid,4
google/gemma-2-2b-it,moral,human,en,0,malformed,8
google/gemma-2-2b-it,moral,human,en,1,refusal,8
google/gemma-2-2b-it,moral,human,en,2,valid,8
google/gemma-2-2b-it,moral,human,en,3,refusal,8
google/gemma-2-2b-it,moral,human,zh,0,valid,8
google/gemma-2-2b-it,moral,human,zh,1,valid,8
google/gemma-2-2b-it,moral,human,zh,2,valid,8
google/gemma-2-2b-it,moral,human,zh,3,hedge,5
google/gemma-2-2b-it,moral,human,zh,3,refusal,3
google/gemma-2-2b-it,productivity,ai,en,0,valid,8
google/gemma-2-2b-it,productivity,ai,en,1,hedge,5
google/gemma-2-2b-it,productivity,ai,en,1,truncated,3
google/gemma-2-2b-it,productivity,ai,en,2,valid,8
google/gemma-2-2b-it,productivity,ai,en,3,valid,8
google/gemma-2-2b-it,productivity,ai,zh,0,valid,8
google/gemma-2-2b-it,productivity,ai,zh,1,valid,8
google/gemma-2-2b-it,productivity,ai,zh,2,valid,8
google/gemma-2-2b-it,productivity,ai,zh,3,valid,8
google/gemma-2-2b-it,productivity,human,en,0,valid,8
google/gemma-2-2b-it,productivity,human,en,1,valid,8
google/gemma-2-2b-it,productivity,human,en,2,valid,8
google/gemma-2-2b-it,productivity,human,en,3,refusal,8
google/gemma-2-2b-it,productivity,human,zh,0,valid,8
google/gemma-2-2b-it,productivity,human,zh,1,valid,8
google/gemma-2-2b-it,productivity,human,zh,2,valid,8
google/gemma-2-2b-it,productivity,human,zh,3,valid,8
google/gemma-2-2b-it,reliability,ai,en,0,valid,8
google/gemma-2-2b-it,reliability,ai,en,1,valid,8
google/gemma-2-2b-it,reliability,ai,en,2,valid,8
google/gemma-2-2b-it,reliability,ai,en,3,refusal,7
google/gemma-2-2b-it,reliability,ai,en,3,valid,1
google/gemma-2-2b-it,reliability,ai,zh,0,valid,8
google/gemma-2-2b-it,reliability,ai,zh,1,valid,8
google/gemma-2-2b-it,reliability,ai,zh,2,valid,8
google/gemma-2-2b-it,reliability,ai,zh,3,valid,8
google/gemma-2-2b-it,reliability,human,en,0,valid,8
google/gemma-2-2b-it,reliability,human,en,1,valid,8
google/gemma-2-2b-it,reliability,human,en,2,valid,8
google/gemma-2-2b-it,reliability,human,en,3,refusal,8
google/gemma-2-2b-it,reliability,human,zh,0,valid,8
google/gemma-2-2b-it,reliability,human,zh,1,valid,8
google/gemma-2-2b-it,reliability,human,zh,2,valid,8
google/gemma-2-2b-it,reliability,human,zh,3,valid,8
google/gemma-2-2b-it,trust,ai,en,0,valid,8
google/gemma-2-2b-it,trust,ai,en,1,valid,8
google/gemma-2-2b-it,trust,ai,en,2,valid,8
google/gemma-2-2b-it,trust,ai,en,3,valid,8
google/gemma-2-2b-it,trust,ai,zh,0,valid,8
google/gemma-2-2b-it,trust,ai,zh,1,valid,8
google/gemma-2-2b-it,trust,ai,zh,2,valid,8
google/gemma-2-2b-it,trust,ai,zh,3,valid,8
google/gemma-2-2b-it,trust,human,en,0,valid,8
google/gemma-2-2b-it,trust,human,en,1,hedge,2
google/gemma-2-2b-it,trust,human,en,1,refusal,2
google/gemma-2-2b-it,trust,human,en,1,truncated,4
google/gemma-2-2b-it,trust,human,en,2,valid,8
google/gemma-2-2b-it,trust,human,en,3,refusal,8
google/gemma-2-2b-it,trust,human,zh,0,valid,8
google/gemma-2-2b-it,trust,human,zh,1,valid,8
google/gemma-2-2b-it,trust,human,zh,2,valid,8
google/gemma-2-2b-it,trust,human,zh,3,valid,8
google/gemma-2-2b-it,worth,ai,en,0,valid,8
google/gemma-2-2b-it,worth,ai,en,1,valid,8
google/gemma-2-2b-it,worth,ai,en,2,valid,8
google/gemma-2-2b-it,worth,ai,en,3,valid,8
google/gemma-2-2b-it,worth,ai,zh,0,valid,8
google/gemma-2-2b-it,worth,ai,zh,1,valid,8
google/gemma-2-2b-it,worth,ai,zh,2,valid,8
google/gemma-2-2b-it,worth,ai,zh,3,valid,8
google/gemma-2-2b-it,worth,human,en,0,truncated,1
google/gemma-2-2b-it,worth,human,en,0,valid,7
google/gemma-2-2b-it,worth,human,en,1,truncated,1
google/gemma-2-2b-it,worth,human,en,1,valid,7
google/gemma-2-2b-it,worth,human,en,2,valid,8
google/gemma-2-2b-it,worth,human,en,3,hedge,3
google/gemma-2-2b-it,worth,human,en,3,valid,5
google/gemma-2-2b-it,worth,human,zh,0,valid,8
google/gemma-2-2b-it,worth,human,zh,1,valid,8
google/gemma-2-2b-it,worth,human,zh,2,valid,8
google/gemma-2-2b-it,worth,human,zh,3,hedge,2
google/gemma-2-2b-it,worth,human,zh,3,refusal,2
google/gemma-2-2b-it,worth,human,zh,3,valid,4
meta/llama-3.1-8b-instruct,creativity,ai,en,0,valid,8
meta/llama-3.1-8b-instruct,creativity,ai,en,1,valid,8
meta/llama-3.1-8b-instruct,creativity,ai,en,2,valid,8
meta/llama-3.1-8b-instruct,creativity,ai,en,3,valid,8
meta/llama-3.1-8b-instruct,creativity,ai,zh,0,valid,8
meta/llama-3.1-8b-instruct,creativity,ai,zh,1,valid,8
meta/llama-3.1-8b-instruct,creativity,ai,zh,2,valid,8
meta/llama-3.1-8b-instruct,creativity,ai,zh,3,valid,8
meta/llama-3.1-8b-instruct,creativity,human,en,0,valid,8
meta/llama-3.1-8b-instruct,creativity,human,en,1,valid,8
meta/llama-3.1-8b-instruct,creativity,human,en,2,valid,8
meta/llama-3.1-8b-instruct,creativity,human,en,3,valid,8
meta/llama-3.1-8b-instruct,creativity,human,zh,0,valid,8
meta/llama-3.1-8b-instruct,creativity,human,zh,1,valid,8
meta/llama-3.1-8b-instruct,creativity,human,zh,2,valid,8
meta/llama-3.1-8b-instruct,creativity,human,zh,3,valid,8
meta/llama-3.1-8b-instruct,decision,ai,en,0,valid,8
meta/llama-3.1-8b-instruct,decision,ai,en,1,valid,8
meta/llama-3.1-8b-instruct,decision,ai,en,2,valid,8
meta/llama-3.1-8b-instruct,decision,ai,en,3,valid,8
meta/llama-3.1-8b-instruct,decision,ai,zh,0,valid,8
meta/llama-3.1-8b-instruct,decision,ai,zh,1,valid,8
meta/llama-3.1-8b-instruct,decision,ai,zh,2,valid,8
meta/llama-3.1-8b-instruct,decision,ai,zh,3,valid,8
meta/llama-3.1-8b-instruct,decision,human,en,0,valid,8
meta/llama-3.1-8b-instruct,decision,human,en,1,valid,8
meta/llama-3.1-8b-instruct,decision,human,en,2,valid,8
meta/llama-3.1-8b-instruct,decision,human,en,3,valid,8
meta/llama-3.1-8b-instruct,decision,human,zh,0,valid,8
meta/llama-3.1-8b-instruct,decision,human,zh,1,valid,8
meta/llama-3.1-8b-instruct,decision,human,zh,2,valid,8
meta/llama-3.1-8b-instruct,decision,human,zh,3,valid,8
meta/llama-3.1-8b-instruct,emotion,ai,en,0,valid,8
meta/llama-3.1-8b-instruct,emotion,ai,en,1,valid,8
meta/llama-3.1-8b-instruct,emotion,ai,en,2,valid,8
meta/llama-3.1-8b-instruct,emotion,ai,en,3,valid,8
meta/llama-3.1-8b-instruct,emotion,ai,zh,0,valid,8
meta/llama-3.1-8b-instruct,emotion,ai,zh,1,valid,8
meta/llama-3.1-8b-instruct,emotion,ai,zh,2,valid,8
meta/llama-3.1-8b-instruct,emotion,ai,zh,3,valid,8
meta/llama-3.1-8b-instruct,emotion,human,en,0,valid,8
meta/llama-3.1-8b-instruct,emotion,human,en,1,valid,8
meta/llama-3.1-8b-instruct,emotion,human,en,2,valid,8
meta/llama-3.1-8b-instruct,emotion,human,en,3,valid,8
meta/llama-3.1-8b-instruct,emotion,human,zh,0,valid,8
meta/llama-3.1-8b-instruct,emotion,human,zh,1,valid,8
meta/llama-3.1-8b-instruct,emotion,human,zh,2,valid,8
meta/llama-3.1-8b-instruct,emotion,human,zh,3,valid,8
meta/llama-3.1-8b-instruct,moral,ai,en,0,valid,8
meta/llama-3.1-8b-instruct,moral,ai,en,1,valid,8
meta/llama-3.1-8b-instruct,moral,ai,en,2,valid,8
meta/llama-3.1-8b-instruct,moral,ai,en,3,valid,8
meta/llama-3.1-8b-instruct,moral,ai,zh,0,valid,8
meta/llama-3.1-8b-instruct,moral,ai,zh,1,valid,8
meta/llama-3.1-8b-instruct,moral,ai,zh,2,valid,8
meta/llama-3.1-8b-instruct,moral,ai,zh,3,valid,8
meta/llama-3.1-8b-instruct,moral,human,en,0,valid,8
meta/llama-3.1-8b-instruct,moral,human,en,1,valid,8
meta/llama-3.1-8b-instruct,moral,human,en,2,valid,8
meta/llama-3.1-8b-instruct,moral,human,en,3,valid,8
meta/llama-3.1-8b-instruct,moral,human,zh,0,valid,8
meta/llama-3.1-8b-instruct,moral,human,zh,1,valid,8
meta/llama-3.1-8b-instruct,moral,human,zh,2,valid,8
meta/llama-3.1-8b-instruct,moral,human,zh,3,valid,8
meta/llama-3.1-8b-instruct,productivity,ai,en,0,valid,8
meta/llama-3.1-8b-instruct,productivity,ai,en,1,valid,8
meta/llama-3.1-8b-instruct,productivity,ai,en,2,valid,8
meta/llama-3.1-8b-instruct,productivity,ai,en,3,valid,8
meta/llama-3.1-8b-instruct,productivity,ai,zh,0,valid,8
meta/llama-3.1-8b-instruct,productivity,ai,zh,1,valid,8
meta/llama-3.1-8b-instruct,productivity,ai,zh,2,valid,8
meta/llama-3.1-8b-instruct,productivity,ai,zh,3,valid,8
meta/llama-3.1-8b-instruct,productivity,human,en,0,valid,8
meta/llama-3.1-8b-instruct,productivity,human,en,1,valid,8
meta/llama-3.1-8b-instruct,productivity,human,en,2,valid,8
meta/llama-3.1-8b-instruct,productivity,human,en,3,valid,8
meta/llama-3.1-8b-instruct,productivity,human,zh,0,valid,8
meta/llama-3.1-8b-instruct,productivity,human,zh,1,valid,8
meta/llama-3.1-8b-instruct,productivity,human,zh,2,valid,8
meta/llama-3.1-8b-instruct,productivity,human,zh,3,valid,8
meta/llama-3.1-8b-instruct,reliability,ai,en,0,valid,8
meta/llama-3.1-8b-instruct,reliability,ai,en,1,valid,8
meta/llama-3.1-8b-instruct,reliability,ai,en,2,valid,8
meta/llama-3.1-8b-instruct,reliability,ai,en,3,valid,8
meta/llama-3.1-8b-instruct,reliability,ai,zh,0,valid,8
meta/llama-3.1-8b-instruct,reliability,ai,zh,1,valid,8
meta/llama-3.1-8b-instruct,reliability,ai,zh,2,valid,8
meta/llama-3.1-8b-instruct,reliability,ai,zh,3,valid,8
meta/llama-3.1-8b-instruct,reliability,human,en,0,valid,8
meta/llama-3.1-8b-instruct,reliability,human,en,1,valid,8
meta/llama-3.1-8b-instruct,reliability,human,en,2,valid,8
meta/llama-3.1-8b-instruct,reliability,human,en,3,valid,8
meta/llama-3.1-8b-instruct,reliability,human,zh,0,valid,8
meta/llama-3.1-8b-instruct,reliability,human,zh,1,valid,8
meta/llama-3.1-8b-instruct,reliability,human,zh,2,valid,8
meta/llama-3.1-8b-instruct,reliability,human,zh,3,valid,8
meta/llama-3.1-8b-instruct,trust,ai,en,0,valid,8
meta/llama-3.1-8b-instruct,trust,ai,en,1,valid,8
meta/llama-3.1-8b-instruct,trust,ai,en,2,valid,8
meta/llama-3.1-8b-instruct,trust,ai,en,3,valid,8
meta/llama-3.1-8b-instruct,trust,ai,zh,0,valid,8
meta/llama-3.1-8b-instruct,trust,ai,zh,1,valid,8
meta/llama-3.1-8b-instruct,trust,ai,zh,2,valid,8
meta/llama-3.1-8b-instruct,trust,ai,zh,3,valid,8
meta/llama-3.1-8b-instruct,trust,human,en,0,valid,8
meta/llama-3.1-8b-instruct,trust,human,en,1,valid,8
meta/llama-3.1-8b-instruct,trust,human,en,2,valid,8
meta/llama-3.1-8b-instruct,trust,human,en,3,valid,8
meta/llama-3.1-8b-instruct,trust,human,zh,0,valid,8
meta/llama-3.1-8b-instruct,trust,human,zh,1,valid,8
meta/llama-3.1-8b-instruct,trust,human,zh,2,valid,8
meta/llama-3.1-8b-instruct,trust,human,zh,3,valid,8
meta/llama-3.1-8b-instruct,worth,ai,en,0,valid,8
meta/llama-3.1-8b-instruct,worth,ai,en,1,valid,8
meta/llama-3.1-8b-instruct,worth,ai,en,2,valid,8
meta/llama-3.1-8b-instruct,worth,ai,en,3,valid,8
meta/llama-3.1-8b-instruct,worth,ai,zh,0,valid,8
meta/llama-3.1-8b-instruct,worth,ai,zh,1,valid,8
meta/llama-3.1-8b-instruct,worth,ai,zh,2,valid,8
meta/llama-3.1-8b-instruct,worth,ai,zh,3,valid,8
meta/llama-3.1-8b-instruct,worth,human,en,0,valid,8
meta/llama-3.1-8b-instruct,worth,human,en,1,valid,8
meta/llama-3.1-8b-instruct,worth,human,en,2,valid,8
meta/llama-3.1-8b-instruct,worth,human,en,3,valid,8
meta/llama-3.1-8b-instruct,worth,human,zh,0,refusal,1
meta/llama-3.1-8b-instruct,worth,human,zh,0,valid,7
meta/llama-3.1-8b-instruct,worth,human,zh,1,valid,8
meta/llama-3.1-8b-instruct,worth,human,zh,2,valid,8
meta/llama-3.1-8b-instruct,worth,human,zh,3,valid,8
meta/llama-3.3-70b-instruct,creativity,ai,en,0,valid,8
meta/llama-3.3-70b-instruct,creativity,ai,en,1,valid,8
meta/llama-3.3-70b-instruct,creativity,ai,en,2,valid,8
meta/llama-3.3-70b-instruct,creativity,ai,en,3,valid,8
meta/llama-3.3-70b-instruct,creativity,ai,zh,0,valid,8
meta/llama-3.3-70b-instruct,creativity,ai,zh,1,valid,8
meta/llama-3.3-70b-instruct,creativity,ai,zh,2,valid,8
meta/llama-3.3-70b-instruct,creativity,ai,zh,3,valid,8
meta/llama-3.3-70b-instruct,creativity,human,en,0,valid,8
meta/llama-3.3-70b-instruct,creativity,human,en,1,valid,8
meta/llama-3.3-70b-instruct,creativity,human,en,2,valid,8
meta/llama-3.3-70b-instruct,creativity,human,en,3,valid,8
meta/llama-3.3-70b-instruct,creativity,human,zh,0,valid,8
meta/llama-3.3-70b-instruct,creativity,human,zh,1,valid,8
meta/llama-3.3-70b-instruct,creativity,human,zh,2,valid,8
meta/llama-3.3-70b-instruct,creativity,human,zh,3,valid,8
meta/llama-3.3-70b-instruct,decision,ai,en,0,valid,8
meta/llama-3.3-70b-instruct,decision,ai,en,1,valid,8
meta/llama-3.3-70b-instruct,decision,ai,en,2,valid,8
meta/llama-3.3-70b-instruct,decision,ai,en,3,valid,8
meta/llama-3.3-70b-instruct,decision,ai,zh,0,valid,8
meta/llama-3.3-70b-instruct,decision,ai,zh,1,valid,8
meta/llama-3.3-70b-instruct,decision,ai,zh,2,valid,8
meta/llama-3.3-70b-instruct,decision,ai,zh,3,valid,8
meta/llama-3.3-70b-instruct,decision,human,en,0,valid,8
meta/llama-3.3-70b-instruct,decision,human,en,1,valid,8
meta/llama-3.3-70b-instruct,decision,human,en,2,valid,8
meta/llama-3.3-70b-instruct,decision,human,en,3,valid,8
meta/llama-3.3-70b-instruct,decision,human,zh,0,valid,8
meta/llama-3.3-70b-instruct,decision,human,zh,1,valid,8
meta/llama-3.3-70b-instruct,decision,human,zh,2,valid,8
meta/llama-3.3-70b-instruct,decision,human,zh,3,valid,8
meta/llama-3.3-70b-instruct,emotion,ai,en,0,valid,8
meta/llama-3.3-70b-instruct,emotion,ai,en,1,valid,8
meta/llama-3.3-70b-instruct,emotion,ai,en,2,valid,8
meta/llama-3.3-70b-instruct,emotion,ai,en,3,valid,8
meta/llama-3.3-70b-instruct,emotion,ai,zh,0,valid,8
meta/llama-3.3-70b-instruct,emotion,ai,zh,1,valid,8
meta/llama-3.3-70b-instruct,emotion,ai,zh,2,valid,8
meta/llama-3.3-70b-instruct,emotion,ai,zh,3,valid,8
meta/llama-3.3-70b-instruct,emotion,human,en,0,valid,8
meta/llama-3.3-70b-instruct,emotion,human,en,1,valid,8
meta/llama-3.3-70b-instruct,emotion,human,en,2,valid,8
meta/llama-3.3-70b-instruct,emotion,human,en,3,valid,8
meta/llama-3.3-70b-instruct,emotion,human,zh,0,valid,8
meta/llama-3.3-70b-instruct,emotion,human,zh,1,valid,8
meta/llama-3.3-70b-instruct,emotion,human,zh,2,valid,8
meta/llama-3.3-70b-instruct,emotion,human,zh,3,valid,8
meta/llama-3.3-70b-instruct,moral,ai,en,0,valid,8
meta/llama-3.3-70b-instruct,moral,ai,en,1,valid,8
meta/llama-3.3-70b-instruct,moral,ai,en,2,valid,8
meta/llama-3.3-70b-instruct,moral,ai,en,3,valid,8
meta/llama-3.3-70b-instruct,moral,ai,zh,0,valid,8
meta/llama-3.3-70b-instruct,moral,ai,zh,1,valid,8
meta/llama-3.3-70b-instruct,moral,ai,zh,2,valid,8
meta/llama-3.3-70b-instruct,moral,ai,zh,3,valid,8
meta/llama-3.3-70b-instruct,moral,human,en,0,valid,8
meta/llama-3.3-70b-instruct,moral,human,en,1,valid,8
meta/llama-3.3-70b-instruct,moral,human,en,2,valid,8
meta/llama-3.3-70b-instruct,moral,human,en,3,valid,8
meta/llama-3.3-70b-instruct,moral,human,zh,0,valid,8
meta/llama-3.3-70b-instruct,moral,human,zh,1,valid,8
meta/llama-3.3-70b-instruct,moral,human,zh,2,valid,8
meta/llama-3.3-70b-instruct,moral,human,zh,3,valid,8
meta/llama-3.3-70b-instruct,productivity,ai,en,0,valid,8
meta/llama-3.3-70b-instruct,productivity,ai,en,1,valid,8
meta/llama-3.3-70b-instruct,productivity,ai,en,2,valid,8
meta/llama-3.3-70b-instruct,productivity,ai,en,3,valid,8
meta/llama-3.3-70b-instruct,productivity,ai,zh,0,valid,8
meta/llama-3.3-70b-instruct,productivity,ai,zh,1,valid,8
meta/llama-3.3-70b-instruct,productivity,ai,zh,2,valid,8
meta/llama-3.3-70b-instruct,productivity,ai,zh,3,valid,8
meta/llama-3.3-70b-instruct,productivity,human,en,0,valid,8
meta/llama-3.3-70b-instruct,productivity,human,en,1,valid,8
meta/llama-3.3-70b-instruct,productivity,human,en,2,valid,8
meta/llama-3.3-70b-instruct,productivity,human,en,3,valid,8
meta/llama-3.3-70b-instruct,productivity,human,zh,0,valid,8
meta/llama-3.3-70b-instruct,productivity,human,zh,1,valid,8
meta/llama-3.3-70b-instruct,productivity,human,zh,2,valid,8
meta/llama-3.3-70b-instruct,productivity,human,zh,3,valid,8
meta/llama-3.3-70b-instruct,reliability,ai,en,0,valid,8
meta/llama-3.3-70b-instruct,reliability,ai,en,1,valid,8
meta/llama-3.3-70b-instruct,reliability,ai,en,2,valid,8
meta/llama-3.3-70b-instruct,reliability,ai,en,3,valid,8
meta/llama-3.3-70b-instruct,reliability,ai,zh,0,valid,8
meta/llama-3.3-70b-instruct,reliability,ai,zh,1,valid,8
meta/llama-3.3-70b-instruct,reliability,ai,zh,2,valid,8
meta/llama-3.3-70b-instruct,reliability,ai,zh,3,valid,8
meta/llama-3.3-70b-instruct,reliability,human,en,0,valid,8
meta/llama-3.3-70b-instruct,reliability,human,en,1,valid,8
meta/llama-3.3-70b-instruct,reliability,human,en,2,valid,8
meta/llama-3.3-70b-instruct,reliability,human,en,3,valid,8
meta/llama-3.3-70b-instruct,reliability,human,zh,0,valid,8
meta/llama-3.3-70b-instruct,reliability,human,zh,1,valid,8
meta/llama-3.3-70b-instruct,reliability,human,zh,2,valid,8
meta/llama-3.3-70b-instruct,reliability,human,zh,3,valid,8
meta/llama-3.3-70b-instruct,trust,ai,en,0,valid,8
meta/llama-3.3-70b-instruct,trust,ai,en,1,valid,8
meta/llama-3.3-70b-instruct,trust,ai,en,2,valid,8
meta/llama-3.3-70b-instruct,trust,ai,en,3,valid,8
meta/llama-3.3-70b-instruct,trust,ai,zh,0,valid,8
meta/llama-3.3-70b-instruct,trust,ai,zh,1,valid,8
meta/llama-3.3-70b-instruct,trust,ai,zh,2,valid,8
meta/llama-3.3-70b-instruct,trust,ai,zh,3,valid,8
meta/llama-3.3-70b-instruct,trust,human,en,0,valid,8
meta/llama-3.3-70b-instruct,trust,human,en,1,valid,8
meta/llama-3.3-70b-instruct,trust,human,en,2,valid,8
meta/llama-3.3-70b-instruct,trust,human,en,3,valid,8
meta/llama-3.3-70b-instruct,trust,human,zh,0,valid,8
meta/llama-3.3-70b-instruct,trust,human,zh,1,valid,8
meta/llama-3.3-70b-instruct,trust,human,zh,2,valid,8
meta/llama-3.3-70b-instruct,trust,human,zh,3,valid,8
meta/llama-3.3-70b-instruct,worth,ai,en,0,valid,8
meta/llama-3.3-70b-instruct,worth,ai,en,1,valid,8
meta/llama-3.3-70b-instruct,worth,ai,en,2,valid,8
meta/llama-3.3-70b-instruct,worth,ai,en,3,valid,8
meta/llama-3.3-70b-instruct,worth,ai,zh,0,valid,8
meta/llama-3.3-70b-instruct,worth,ai,zh,1,valid,8
meta/llama-3.3-70b-instruct,worth,ai,zh,2,out_of_range,2
meta/llama-3.3-70b-instruct,worth,ai,zh,2,valid,6
meta/llama-3.3-70b-instruct,worth,ai,zh,3,valid,8
meta/llama-3.3-70b-instruct,worth,human,en,0,valid,8
meta/llama-3.3-70b-instruct,worth,human,en,1,valid,8
meta/llama-3.3-70b-instruct,worth,human,en,2,valid,8
meta/llama-3.3-70b-instruct,worth,human,en,3,valid,8
meta/llama-3.3-70b-instruct,worth,human,zh,0,valid,8
meta/llama-3.3-70b-instruct,worth,human,zh,1,valid,8
meta/llama-3.3-70b-instruct,worth,human,zh,2,valid,8
meta/llama-3.3-70b-instruct,worth,human,zh,3,valid,8
microsoft/phi-4-mini-instruct,creativity,ai,en,0,valid,8
microsoft/phi-4-mini-instruct,creativity,ai,en,1,refusal,1
microsoft/phi-4-mini-instruct,creativity,ai,en,1,truncated,1
microsoft/phi-4-mini-instruct,creativity,ai,en,1,valid,6
microsoft/phi-4-mini-instruct,creativity,ai,en,2,valid,8
microsoft/phi-4-mini-instruct,creativity,ai,en,3,refusal,1
microsoft/phi-4-mini-instruct,creativity,ai,en,3,valid,7
microsoft/phi-4-mini-instruct,creativity,ai,zh,0,valid,8
microsoft/phi-4-mini-instruct,creativity,ai,zh,1,truncated,1
microsoft/phi-4-mini-instruct,creativity,ai,zh,1,valid,7
microsoft/phi-4-mini-instruct,creativity,ai,zh,2,valid,8
microsoft/phi-4-mini-instruct,creativity,ai,zh,3,truncated,1
microsoft/phi-4-mini-instruct,creativity,ai,zh,3,valid,7
microsoft/phi-4-mini-instruct,creativity,human,en,0,valid,8
microsoft/phi-4-mini-instruct,creativity,human,en,1,valid,8
microsoft/phi-4-mini-instruct,creativity,human,en,2,out_of_range,1
microsoft/phi-4-mini-instruct,creativity,human,en,2,valid,7
microsoft/phi-4-mini-instruct,creativity,human,en,3,refusal,1
microsoft/phi-4-mini-instruct,creativity,human,en,3,valid,7
microsoft/phi-4-mini-instruct,creativity,human,zh,0,valid,8
microsoft/phi-4-mini-instruct,creativity,human,zh,1,out_of_range,1
microsoft/phi-4-mini-instruct,creativity,human,zh,1,valid,7
microsoft/phi-4-mini-instruct,creativity,human,zh,2,valid,8
microsoft/phi-4-mini-instruct,creativity,human,zh,3,valid,8
microsoft/phi-4-mini-instruct,decision,ai,en,0,valid,8
microsoft/phi-4-mini-instruct,decision,ai,en,1,refusal,1
microsoft/phi-4-mini-instruct,decision,ai,en,1,valid,7
microsoft/phi-4-mini-instruct,decision,ai,en,2,valid,8
microsoft/phi-4-mini-instruct,decision,ai,en,3,hedge,1
microsoft/phi-4-mini-instruct,decision,ai,en,3,refusal,2
microsoft/phi-4-mini-instruct,decision,ai,en,3,valid,5
microsoft/phi-4-mini-instruct,decision,ai,zh,0,valid,8
microsoft/phi-4-mini-instruct,decision,ai,zh,1,valid,8
microsoft/phi-4-mini-instruct,decision,ai,zh,2,valid,8
microsoft/phi-4-mini-instruct,decision,ai,zh,3,valid,8
microsoft/phi-4-mini-instruct,decision,human,en,0,valid,8
microsoft/phi-4-mini-instruct,decision,human,en,1,valid,8
microsoft/phi-4-mini-instruct,decision,human,en,2,refusal,1
microsoft/phi-4-mini-instruct,decision,human,en,2,truncated,1
microsoft/phi-4-mini-instruct,decision,human,en,2,valid,6
microsoft/phi-4-mini-instruct,decision,human,en,3,refusal,1
microsoft/phi-4-mini-instruct,decision,human,en,3,valid,7
microsoft/phi-4-mini-instruct,decision,human,zh,0,valid,8
microsoft/phi-4-mini-instruct,decision,human,zh,1,valid,8
microsoft/phi-4-mini-instruct,decision,human,zh,2,valid,8
microsoft/phi-4-mini-instruct,decision,human,zh,3,valid,8
microsoft/phi-4-mini-instruct,emotion,ai,en,0,refusal,1
microsoft/phi-4-mini-instruct,emotion,ai,en,0,valid,7
microsoft/phi-4-mini-instruct,emotion,ai,en,1,refusal,1
microsoft/phi-4-mini-instruct,emotion,ai,en,1,truncated,3
microsoft/phi-4-mini-instruct,emotion,ai,en,1,valid,4
microsoft/phi-4-mini-instruct,emotion,ai,en,2,valid,8
microsoft/phi-4-mini-instruct,emotion,ai,en,3,valid,8
microsoft/phi-4-mini-instruct,emotion,ai,zh,0,valid,8
microsoft/phi-4-mini-instruct,emotion,ai,zh,1,valid,8
microsoft/phi-4-mini-instruct,emotion,ai,zh,2,valid,8
microsoft/phi-4-mini-instruct,emotion,ai,zh,3,valid,8
microsoft/phi-4-mini-instruct,emotion,human,en,0,hedge,1
microsoft/phi-4-mini-instruct,emotion,human,en,0,valid,7
microsoft/phi-4-mini-instruct,emotion,human,en,1,valid,8
microsoft/phi-4-mini-instruct,emotion,human,en,2,valid,8
microsoft/phi-4-mini-instruct,emotion,human,en,3,truncated,2
microsoft/phi-4-mini-instruct,emotion,human,en,3,valid,6
microsoft/phi-4-mini-instruct,emotion,human,zh,0,valid,8
microsoft/phi-4-mini-instruct,emotion,human,zh,1,valid,8
microsoft/phi-4-mini-instruct,emotion,human,zh,2,valid,8
microsoft/phi-4-mini-instruct,emotion,human,zh,3,valid,8
microsoft/phi-4-mini-instruct,moral,ai,en,0,refusal,2
microsoft/phi-4-mini-instruct,moral,ai,en,0,valid,6
microsoft/phi-4-mini-instruct,moral,ai,en,1,refusal,2
microsoft/phi-4-mini-instruct,moral,ai,en,1,truncated,1
microsoft/phi-4-mini-instruct,moral,ai,en,1,valid,5
microsoft/phi-4-mini-instruct,moral,ai,en,2,refusal,4
microsoft/phi-4-mini-instruct,moral,ai,en,2,valid,4
microsoft/phi-4-mini-instruct,moral,ai,en,3,refusal,3
microsoft/phi-4-mini-instruct,moral,ai,en,3,valid,5
microsoft/phi-4-mini-instruct,moral,ai,zh,0,valid,8
microsoft/phi-4-mini-instruct,moral,ai,zh,1,valid,8
microsoft/phi-4-mini-instruct,moral,ai,zh,2,valid,8
microsoft/phi-4-mini-instruct,moral,ai,zh,3,valid,8
microsoft/phi-4-mini-instruct,moral,human,en,0,refusal,1
microsoft/phi-4-mini-instruct,moral,human,en,0,valid,7
microsoft/phi-4-mini-instruct,moral,human,en,1,refusal,7
microsoft/phi-4-mini-instruct,moral,human,en,1,valid,1
microsoft/phi-4-mini-instruct,moral,human,en,2,refusal,5
microsoft/phi-4-mini-instruct,moral,human,en,2,valid,3
microsoft/phi-4-mini-instruct,moral,human,en,3,refusal,5
microsoft/phi-4-mini-instruct,moral,human,en,3,truncated,2
microsoft/phi-4-mini-instruct,moral,human,en,3,valid,1
microsoft/phi-4-mini-instruct,moral,human,zh,0,valid,8
microsoft/phi-4-mini-instruct,moral,human,zh,1,truncated,1
microsoft/phi-4-mini-instruct,moral,human,zh,1,valid,6
microsoft/phi-4-mini-instruct,moral,human,zh,1,valid_range,1
microsoft/phi-4-mini-instruct,moral,human,zh,2,valid,8
microsoft/phi-4-mini-instruct,moral,human,zh,3,valid,8
microsoft/phi-4-mini-instruct,productivity,ai,en,0,valid,8
microsoft/phi-4-mini-instruct,productivity,ai,en,1,truncated,1
microsoft/phi-4-mini-instruct,productivity,ai,en,1,valid,7
microsoft/phi-4-mini-instruct,productivity,ai,en,2,valid,8
microsoft/phi-4-mini-instruct,productivity,ai,en,3,refusal,1
microsoft/phi-4-mini-instruct,productivity,ai,en,3,valid,7
microsoft/phi-4-mini-instruct,productivity,ai,zh,0,valid,8
microsoft/phi-4-mini-instruct,productivity,ai,zh,1,valid,8
microsoft/phi-4-mini-instruct,productivity,ai,zh,2,valid,8
microsoft/phi-4-mini-instruct,productivity,ai,zh,3,valid,8
microsoft/phi-4-mini-instruct,productivity,human,en,0,valid,8
microsoft/phi-4-mini-instruct,productivity,human,en,1,refusal,1
microsoft/phi-4-mini-instruct,productivity,human,en,1,valid,7
microsoft/phi-4-mini-instruct,productivity,human,en,2,valid,8
microsoft/phi-4-mini-instruct,productivity,human,en,3,valid,8
microsoft/phi-4-mini-instruct,productivity,human,zh,0,truncated,1
microsoft/phi-4-mini-instruct,productivity,human,zh,0,valid,7
microsoft/phi-4-mini-instruct,productivity,human,zh,1,valid,8
microsoft/phi-4-mini-instruct,productivity,human,zh,2,valid,8
microsoft/phi-4-mini-instruct,productivity,human,zh,3,valid,8
microsoft/phi-4-mini-instruct,reliability,ai,en,0,valid,8
microsoft/phi-4-mini-instruct,reliability,ai,en,1,refusal,1
microsoft/phi-4-mini-instruct,reliability,ai,en,1,valid,7
microsoft/phi-4-mini-instruct,reliability,ai,en,2,refusal,2
microsoft/phi-4-mini-instruct,reliability,ai,en,2,truncated,1
microsoft/phi-4-mini-instruct,reliability,ai,en,2,valid,5
microsoft/phi-4-mini-instruct,reliability,ai,en,3,refusal,3
microsoft/phi-4-mini-instruct,reliability,ai,en,3,valid,5
microsoft/phi-4-mini-instruct,reliability,ai,zh,0,valid,8
microsoft/phi-4-mini-instruct,reliability,ai,zh,1,valid,8
microsoft/phi-4-mini-instruct,reliability,ai,zh,2,valid,8
microsoft/phi-4-mini-instruct,reliability,ai,zh,3,valid,8
microsoft/phi-4-mini-instruct,reliability,human,en,0,hedge,1
microsoft/phi-4-mini-instruct,reliability,human,en,0,valid,7
microsoft/phi-4-mini-instruct,reliability,human,en,1,valid,8
microsoft/phi-4-mini-instruct,reliability,human,en,2,valid,8
microsoft/phi-4-mini-instruct,reliability,human,en,3,refusal,1
microsoft/phi-4-mini-instruct,reliability,human,en,3,valid,7
microsoft/phi-4-mini-instruct,reliability,human,zh,0,valid,8
microsoft/phi-4-mini-instruct,reliability,human,zh,1,valid,8
microsoft/phi-4-mini-instruct,reliability,human,zh,2,valid,8
microsoft/phi-4-mini-instruct,reliability,human,zh,3,truncated,1
microsoft/phi-4-mini-instruct,reliability,human,zh,3,valid,7
microsoft/phi-4-mini-instruct,trust,ai,en,0,truncated,1
microsoft/phi-4-mini-instruct,trust,ai,en,0,valid,7
microsoft/phi-4-mini-instruct,trust,ai,en,1,valid,8
microsoft/phi-4-mini-instruct,trust,ai,en,2,valid,8
microsoft/phi-4-mini-instruct,trust,ai,en,3,hedge,1
microsoft/phi-4-mini-instruct,trust,ai,en,3,truncated,2
microsoft/phi-4-mini-instruct,trust,ai,en,3,valid,5
microsoft/phi-4-mini-instruct,trust,ai,zh,0,valid,8
microsoft/phi-4-mini-instruct,trust,ai,zh,1,valid,8
microsoft/phi-4-mini-instruct,trust,ai,zh,2,valid,8
microsoft/phi-4-mini-instruct,trust,ai,zh,3,valid,8
microsoft/phi-4-mini-instruct,trust,human,en,0,valid,8
microsoft/phi-4-mini-instruct,trust,human,en,1,valid,8
microsoft/phi-4-mini-instruct,trust,human,en,2,valid,8
microsoft/phi-4-mini-instruct,trust,human,en,3,hedge,1
microsoft/phi-4-mini-instruct,trust,human,en,3,refusal,1
microsoft/phi-4-mini-instruct,trust,human,en,3,valid,6
microsoft/phi-4-mini-instruct,trust,human,zh,0,hedge,1
microsoft/phi-4-mini-instruct,trust,human,zh,0,refusal,1
microsoft/phi-4-mini-instruct,trust,human,zh,0,valid,6
microsoft/phi-4-mini-instruct,trust,human,zh,1,valid,8
microsoft/phi-4-mini-instruct,trust,human,zh,2,valid,8
microsoft/phi-4-mini-instruct,trust,human,zh,3,valid,8
microsoft/phi-4-mini-instruct,worth,ai,en,0,refusal,1
microsoft/phi-4-mini-instruct,worth,ai,en,0,valid,7
microsoft/phi-4-mini-instruct,worth,ai,en,1,valid,8
microsoft/phi-4-mini-instruct,worth,ai,en,2,refusal,1
microsoft/phi-4-mini-instruct,worth,ai,en,2,valid,7
microsoft/phi-4-mini-instruct,worth,ai,en,3,refusal,1
microsoft/phi-4-mini-instruct,worth,ai,en,3,valid,7
microsoft/phi-4-mini-instruct,worth,ai,zh,0,valid,8
microsoft/phi-4-mini-instruct,worth,ai,zh,1,valid,8
microsoft/phi-4-mini-instruct,worth,ai,zh,2,valid,8
microsoft/phi-4-mini-instruct,worth,ai,zh,3,valid,8
microsoft/phi-4-mini-instruct,worth,human,en,0,refusal,2
microsoft/phi-4-mini-instruct,worth,human,en,0,truncated,1
microsoft/phi-4-mini-instruct,worth,human,en,0,valid,5
microsoft/phi-4-mini-instruct,worth,human,en,1,valid,8
microsoft/phi-4-mini-instruct,worth,human,en,2,valid,8
microsoft/phi-4-mini-instruct,worth,human,en,3,valid,8
microsoft/phi-4-mini-instruct,worth,human,zh,0,valid,8
microsoft/phi-4-mini-instruct,worth,human,zh,1,valid,8
microsoft/phi-4-mini-instruct,worth,human,zh,2,valid,8
microsoft/phi-4-mini-instruct,worth,human,zh,3,valid,8
mistralai/mixtral-8x7b-instruct-v0.1,creativity,ai,en,0,refusal,7
mistralai/mixtral-8x7b-instruct-v0.1,creativity,ai,en,0,truncated,1
mistralai/mixtral-8x7b-instruct-v0.1,creativity,ai,en,1,refusal,4
mistralai/mixtral-8x7b-instruct-v0.1,creativity,ai,en,1,truncated,4
mistralai/mixtral-8x7b-instruct-v0.1,creativity,ai,en,2,valid,8
mistralai/mixtral-8x7b-instruct-v0.1,creativity,ai,en,3,refusal,6
mistralai/mixtral-8x7b-instruct-v0.1,creativity,ai,en,3,truncated,2
mistralai/mixtral-8x7b-instruct-v0.1,creativity,ai,zh,0,valid,8
mistralai/mixtral-8x7b-instruct-v0.1,creativity,ai,zh,1,malformed,5
mistralai/mixtral-8x7b-instruct-v0.1,creativity,ai,zh,1,truncated,3
mistralai/mixtral-8x7b-instruct-v0.1,creativity,ai,zh,2,valid,8
mistralai/mixtral-8x7b-instruct-v0.1,creativity,ai,zh,3,valid,8
mistralai/mixtral-8x7b-instruct-v0.1,creativity,human,en,0,valid,8
mistralai/mixtral-8x7b-instruct-v0.1,creativity,human,en,1,truncated,4
mistralai/mixtral-8x7b-instruct-v0.1,creativity,human,en,1,valid,4
mistralai/mixtral-8x7b-instruct-v0.1,creativity,human,en,2,valid,8
mistralai/mixtral-8x7b-instruct-v0.1,creativity,human,en,3,truncated,8
mistralai/mixtral-8x7b-instruct-v0.1,creativity,human,zh,0,valid,8
mistralai/mixtral-8x7b-instruct-v0.1,creativity,human,zh,1,valid,8
mistralai/mixtral-8x7b-instruct-v0.1,creativity,human,zh,2,valid,8
mistralai/mixtral-8x7b-instruct-v0.1,creativity,human,zh,3,valid,8
mistralai/mixtral-8x7b-instruct-v0.1,decision,ai,en,0,refusal,7
mistralai/mixtral-8x7b-instruct-v0.1,decision,ai,en,0,truncated,1
mistralai/mixtral-8x7b-instruct-v0.1,decision,ai,en,1,refusal,3
mistralai/mixtral-8x7b-instruct-v0.1,decision,ai,en,1,truncated,5
mistralai/mixtral-8x7b-instruct-v0.1,decision,ai,en,2,refusal,6
mistralai/mixtral-8x7b-instruct-v0.1,decision,ai,en,2,truncated,2
mistralai/mixtral-8x7b-instruct-v0.1,decision,ai,en,3,refusal,4
mistralai/mixtral-8x7b-instruct-v0.1,decision,ai,en,3,truncated,4
mistralai/mixtral-8x7b-instruct-v0.1,decision,ai,zh,0,valid,8
mistralai/mixtral-8x7b-instruct-v0.1,decision,ai,zh,1,truncated,2
mistralai/mixtral-8x7b-instruct-v0.1,decision,ai,zh,1,valid,6
mistralai/mixtral-8x7b-instruct-v0.1,decision,ai,zh,2,valid,8
mistralai/mixtral-8x7b-instruct-v0.1,decision,ai,zh,3,valid,8
mistralai/mixtral-8x7b-instruct-v0.1,decision,human,en,0,refusal,2
mistralai/mixtral-8x7b-instruct-v0.1,decision,human,en,0,truncated,6
mistralai/mixtral-8x7b-instruct-v0.1,decision,human,en,1,truncated,8
mistralai/mixtral-8x7b-instruct-v0.1,decision,human,en,2,valid,8
mistralai/mixtral-8x7b-instruct-v0.1,decision,human,en,3,refusal,6
mistralai/mixtral-8x7b-instruct-v0.1,decision,human,en,3,truncated,2
mistralai/mixtral-8x7b-instruct-v0.1,decision,human,zh,0,valid,8
mistralai/mixtral-8x7b-instruct-v0.1,decision,human,zh,1,valid,8
mistralai/mixtral-8x7b-instruct-v0.1,decision,human,zh,2,valid,8
mistralai/mixtral-8x7b-instruct-v0.1,decision,human,zh,3,valid,8
mistralai/mixtral-8x7b-instruct-v0.1,emotion,ai,en,0,refusal,1
mistralai/mixtral-8x7b-instruct-v0.1,emotion,ai,en,0,truncated,7
mistralai/mixtral-8x7b-instruct-v0.1,emotion,ai,en,1,truncated,7
mistralai/mixtral-8x7b-instruct-v0.1,emotion,ai,en,1,valid_range,1
mistralai/mixtral-8x7b-instruct-v0.1,emotion,ai,en,2,truncated,8
mistralai/mixtral-8x7b-instruct-v0.1,emotion,ai,en,3,refusal,5
mistralai/mixtral-8x7b-instruct-v0.1,emotion,ai,en,3,truncated,3
mistralai/mixtral-8x7b-instruct-v0.1,emotion,ai,zh,0,truncated,1
mistralai/mixtral-8x7b-instruct-v0.1,emotion,ai,zh,0,valid,7
mistralai/mixtral-8x7b-instruct-v0.1,emotion,ai,zh,1,truncated,1
mistralai/mixtral-8x7b-instruct-v0.1,emotion,ai,zh,1,valid,7
mistralai/mixtral-8x7b-instruct-v0.1,emotion,ai,zh,2,valid,8
mistralai/mixtral-8x7b-instruct-v0.1,emotion,ai,zh,3,valid,8
mistralai/mixtral-8x7b-instruct-v0.1,emotion,human,en,0,truncated,8
mistralai/mixtral-8x7b-instruct-v0.1,emotion,human,en,1,hedge,1
mistralai/mixtral-8x7b-instruct-v0.1,emotion,human,en,1,truncated,7
mistralai/mixtral-8x7b-instruct-v0.1,emotion,human,en,2,hedge,2
mistralai/mixtral-8x7b-instruct-v0.1,emotion,human,en,2,truncated,3
mistralai/mixtral-8x7b-instruct-v0.1,emotion,human,en,2,valid,3
mistralai/mixtral-8x7b-instruct-v0.1,emotion,human,en,3,malformed,2
mistralai/mixtral-8x7b-instruct-v0.1,emotion,human,en,3,refusal,3
mistralai/mixtral-8x7b-instruct-v0.1,emotion,human,en,3,truncated,3
mistralai/mixtral-8x7b-instruct-v0.1,emotion,human,zh,0,valid,8
mistralai/mixtral-8x7b-instruct-v0.1,emotion,human,zh,1,valid,8
mistralai/mixtral-8x7b-instruct-v0.1,emotion,human,zh,2,valid,8
mistralai/mixtral-8x7b-instruct-v0.1,emotion,human,zh,3,valid,8
mistralai/mixtral-8x7b-instruct-v0.1,moral,ai,en,0,refusal,4
mistralai/mixtral-8x7b-instruct-v0.1,moral,ai,en,0,truncated,4
mistralai/mixtral-8x7b-instruct-v0.1,moral,ai,en,1,refusal,6
mistralai/mixtral-8x7b-instruct-v0.1,moral,ai,en,1,truncated,2
mistralai/mixtral-8x7b-instruct-v0.1,moral,ai,en,2,refusal,8
mistralai/mixtral-8x7b-instruct-v0.1,moral,ai,en,3,refusal,7
mistralai/mixtral-8x7b-instruct-v0.1,moral,ai,en,3,truncated,1
mistralai/mixtral-8x7b-instruct-v0.1,moral,ai,zh,0,valid,8
mistralai/mixtral-8x7b-instruct-v0.1,moral,ai,zh,1,hedge,1
mistralai/mixtral-8x7b-instruct-v0.1,moral,ai,zh,1,refusal,2
mistralai/mixtral-8x7b-instruct-v0.1,moral,ai,zh,1,truncated,2
mistralai/mixtral-8x7b-instruct-v0.1,moral,ai,zh,1,valid,3
mistralai/mixtral-8x7b-instruct-v0.1,moral,ai,zh,2,valid,8
mistralai/mixtral-8x7b-instruct-v0.1,moral,ai,zh,3,truncated,7
mistralai/mixtral-8x7b-instruct-v0.1,moral,ai,zh,3,valid,1
mistralai/mixtral-8x7b-instruct-v0.1,moral,human,en,0,refusal,3
mistralai/mixtral-8x7b-instruct-v0.1,moral,human,en,0,truncated,5
mistralai/mixtral-8x7b-instruct-v0.1,moral,human,en,1,refusal,8
mistralai/mixtral-8x7b-instruct-v0.1,moral,human,en,2,refusal,6
mistralai/mixtral-8x7b-instruct-v0.1,moral,human,en,2,truncated,2
mistralai/mixtral-8x7b-instruct-v0.1,moral,human,en,3,refusal,6
mistralai/mixtral-8x7b-instruct-v0.1,moral,human,en,3,truncated,2
mistralai/mixtral-8x7b-instruct-v0.1,moral,human,zh,0,valid,8
mistralai/mixtral-8x7b-instruct-v0.1,moral,human,zh,1,hedge,1
mistralai/mixtral-8x7b-instruct-v0.1,moral,human,zh,1,valid,7
mistralai/mixtral-8x7b-instruct-v0.1,moral,human,zh,2,valid,8
mistralai/mixtral-8x7b-instruct-v0.1,moral,human,zh,3,valid,8
mistralai/mixtral-8x7b-instruct-v0.1,productivity,ai,en,0,refusal,4
mistralai/mixtral-8x7b-instruct-v0.1,productivity,ai,en,0,truncated,4
mistralai/mixtral-8x7b-instruct-v0.1,productivity,ai,en,1,truncated,8
mistralai/mixtral-8x7b-instruct-v0.1,productivity,ai,en,2,hedge,2
mistralai/mixtral-8x7b-instruct-v0.1,productivity,ai,en,2,truncated,6
mistralai/mixtral-8x7b-instruct-v0.1,productivity,ai,en,3,refusal,3
mistralai/mixtral-8x7b-instruct-v0.1,productivity,ai,en,3,truncated,5
mistralai/mixtral-8x7b-instruct-v0.1,productivity,ai,zh,0,valid,8
mistralai/mixtral-8x7b-instruct-v0.1,productivity,ai,zh,1,refusal,3
mistralai/mixtral-8x7b-instruct-v0.1,productivity,ai,zh,1,truncated,3
mistralai/mixtral-8x7b-instruct-v0.1,productivity,ai,zh,1,valid,2
mistralai/mixtral-8x7b-instruct-v0.1,productivity,ai,zh,2,valid,8
mistralai/mixtral-8x7b-instruct-v0.1,productivity,ai,zh,3,valid,8
mistralai/mixtral-8x7b-instruct-v0.1,productivity,human,en,0,hedge,8
mistralai/mixtral-8x7b-instruct-v0.1,productivity,human,en,1,hedge,4
mistralai/mixtral-8x7b-instruct-v0.1,productivity,human,en,1,refusal,4
mistralai/mixtral-8x7b-instruct-v0.1,productivity,human,en,2,valid,8
mistralai/mixtral-8x7b-instruct-v0.1,productivity,human,en,3,refusal,6
mistralai/mixtral-8x7b-instruct-v0.1,productivity,human,en,3,truncated,2
mistralai/mixtral-8x7b-instruct-v0.1,productivity,human,zh,0,valid,8
mistralai/mixtral-8x7b-instruct-v0.1,productivity,human,zh,1,valid,8
mistralai/mixtral-8x7b-instruct-v0.1,productivity,human,zh,2,valid,8
mistralai/mixtral-8x7b-instruct-v0.1,productivity,human,zh,3,valid,8
mistralai/mixtral-8x7b-instruct-v0.1,reliability,ai,en,0,refusal,1
mistralai/mixtral-8x7b-instruct-v0.1,reliability,ai,en,0,truncated,7
mistralai/mixtral-8x7b-instruct-v0.1,reliability,ai,en,1,refusal,4
mistralai/mixtral-8x7b-instruct-v0.1,reliability,ai,en,1,truncated,4
mistralai/mixtral-8x7b-instruct-v0.1,reliability,ai,en,2,refusal,7
mistralai/mixtral-8x7b-instruct-v0.1,reliability,ai,en,2,truncated,1
mistralai/mixtral-8x7b-instruct-v0.1,reliability,ai,en,3,refusal,8
mistralai/mixtral-8x7b-instruct-v0.1,reliability,ai,zh,0,malformed,2
mistralai/mixtral-8x7b-instruct-v0.1,reliability,ai,zh,0,truncated,6
mistralai/mixtral-8x7b-instruct-v0.1,reliability,ai,zh,1,valid,8
mistralai/mixtral-8x7b-instruct-v0.1,reliability,ai,zh,2,out_of_range,8
mistralai/mixtral-8x7b-instruct-v0.1,reliability,ai,zh,3,valid,8
mistralai/mixtral-8x7b-instruct-v0.1,reliability,human,en,0,hedge,1
mistralai/mixtral-8x7b-instruct-v0.1,reliability,human,en,0,truncated,7
mistralai/mixtral-8x7b-instruct-v0.1,reliability,human,en,1,refusal,1
mistralai/mixtral-8x7b-instruct-v0.1,reliability,human,en,1,truncated,2
mistralai/mixtral-8x7b-instruct-v0.1,reliability,human,en,1,valid,5
mistralai/mixtral-8x7b-instruct-v0.1,reliability,human,en,2,refusal,7
mistralai/mixtral-8x7b-instruct-v0.1,reliability,human,en,2,truncated,1
mistralai/mixtral-8x7b-instruct-v0.1,reliability,human,en,3,refusal,3
mistralai/mixtral-8x7b-instruct-v0.1,reliability,human,en,3,truncated,5
mistralai/mixtral-8x7b-instruct-v0.1,reliability,human,zh,0,valid,8
mistralai/mixtral-8x7b-instruct-v0.1,reliability,human,zh,1,valid,8
mistralai/mixtral-8x7b-instruct-v0.1,reliability,human,zh,2,valid,8
mistralai/mixtral-8x7b-instruct-v0.1,reliability,human,zh,3,valid,8
mistralai/mixtral-8x7b-instruct-v0.1,trust,ai,en,0,refusal,2
mistralai/mixtral-8x7b-instruct-v0.1,trust,ai,en,0,truncated,6
mistralai/mixtral-8x7b-instruct-v0.1,trust,ai,en,1,truncated,8
mistralai/mixtral-8x7b-instruct-v0.1,trust,ai,en,2,refusal,7
mistralai/mixtral-8x7b-instruct-v0.1,trust,ai,en,2,truncated,1
mistralai/mixtral-8x7b-instruct-v0.1,trust,ai,en,3,refusal,2
mistralai/mixtral-8x7b-instruct-v0.1,trust,ai,en,3,truncated,6
mistralai/mixtral-8x7b-instruct-v0.1,trust,ai,zh,0,valid,8
mistralai/mixtral-8x7b-instruct-v0.1,trust,ai,zh,1,valid,8
mistralai/mixtral-8x7b-instruct-v0.1,trust,ai,zh,2,valid,8
mistralai/mixtral-8x7b-instruct-v0.1,trust,ai,zh,3,valid,8
mistralai/mixtral-8x7b-instruct-v0.1,trust,human,en,0,refusal,1
mistralai/mixtral-8x7b-instruct-v0.1,trust,human,en,0,truncated,7
mistralai/mixtral-8x7b-instruct-v0.1,trust,human,en,1,refusal,8
mistralai/mixtral-8x7b-instruct-v0.1,trust,human,en,2,hedge,1
mistralai/mixtral-8x7b-instruct-v0.1,trust,human,en,2,refusal,1
mistralai/mixtral-8x7b-instruct-v0.1,trust,human,en,2,truncated,6
mistralai/mixtral-8x7b-instruct-v0.1,trust,human,en,3,refusal,5
mistralai/mixtral-8x7b-instruct-v0.1,trust,human,en,3,truncated,3
mistralai/mixtral-8x7b-instruct-v0.1,trust,human,zh,0,malformed,2
mistralai/mixtral-8x7b-instruct-v0.1,trust,human,zh,0,valid,6
mistralai/mixtral-8x7b-instruct-v0.1,trust,human,zh,1,valid,8
mistralai/mixtral-8x7b-instruct-v0.1,trust,human,zh,2,valid,8
mistralai/mixtral-8x7b-instruct-v0.1,trust,human,zh,3,valid,8
mistralai/mixtral-8x7b-instruct-v0.1,worth,ai,en,0,refusal,7
mistralai/mixtral-8x7b-instruct-v0.1,worth,ai,en,0,truncated,1
mistralai/mixtral-8x7b-instruct-v0.1,worth,ai,en,1,refusal,8
mistralai/mixtral-8x7b-instruct-v0.1,worth,ai,en,2,valid,8
mistralai/mixtral-8x7b-instruct-v0.1,worth,ai,en,3,refusal,2
mistralai/mixtral-8x7b-instruct-v0.1,worth,ai,en,3,truncated,6
mistralai/mixtral-8x7b-instruct-v0.1,worth,ai,zh,0,valid,8
mistralai/mixtral-8x7b-instruct-v0.1,worth,ai,zh,1,valid,8
mistralai/mixtral-8x7b-instruct-v0.1,worth,ai,zh,2,valid,8
mistralai/mixtral-8x7b-instruct-v0.1,worth,ai,zh,3,valid,8
mistralai/mixtral-8x7b-instruct-v0.1,worth,human,en,0,truncated,8
mistralai/mixtral-8x7b-instruct-v0.1,worth,human,en,1,truncated,8
mistralai/mixtral-8x7b-instruct-v0.1,worth,human,en,2,refusal,5
mistralai/mixtral-8x7b-instruct-v0.1,worth,human,en,2,truncated,3
mistralai/mixtral-8x7b-instruct-v0.1,worth,human,en,3,refusal,1
mistralai/mixtral-8x7b-instruct-v0.1,worth,human,en,3,truncated,7
mistralai/mixtral-8x7b-instruct-v0.1,worth,human,zh,0,valid,8
mistralai/mixtral-8x7b-instruct-v0.1,worth,human,zh,1,valid,8
mistralai/mixtral-8x7b-instruct-v0.1,worth,human,zh,2,valid,8
mistralai/mixtral-8x7b-instruct-v0.1,worth,human,zh,3,valid,8
nvidia/nemotron-mini-4b-instruct,creativity,ai,en,0,valid,5
nvidia/nemotron-mini-4b-instruct,creativity,ai,en,1,valid,5
nvidia/nemotron-mini-4b-instruct,creativity,ai,en,2,valid,5
nvidia/nemotron-mini-4b-instruct,creativity,ai,en,3,valid,5
nvidia/nemotron-mini-4b-instruct,creativity,ai,zh,0,malformed,5
nvidia/nemotron-mini-4b-instruct,creativity,ai,zh,1,valid,5
nvidia/nemotron-mini-4b-instruct,creativity,ai,zh,2,valid,5
nvidia/nemotron-mini-4b-instruct,creativity,ai,zh,3,valid,5
nvidia/nemotron-mini-4b-instruct,creativity,human,en,0,valid,5
nvidia/nemotron-mini-4b-instruct,creativity,human,en,1,valid,5
nvidia/nemotron-mini-4b-instruct,creativity,human,en,2,valid,5
nvidia/nemotron-mini-4b-instruct,creativity,human,en,3,valid,5
nvidia/nemotron-mini-4b-instruct,creativity,human,zh,0,valid,5
nvidia/nemotron-mini-4b-instruct,creativity,human,zh,1,valid,5
nvidia/nemotron-mini-4b-instruct,creativity,human,zh,2,valid,5
nvidia/nemotron-mini-4b-instruct,creativity,human,zh,3,refusal,5
nvidia/nemotron-mini-4b-instruct,decision,ai,en,0,refusal,5
nvidia/nemotron-mini-4b-instruct,decision,ai,en,1,valid,5
nvidia/nemotron-mini-4b-instruct,decision,ai,en,2,truncated,5
nvidia/nemotron-mini-4b-instruct,decision,ai,en,3,truncated,5
nvidia/nemotron-mini-4b-instruct,decision,ai,zh,0,valid,5
nvidia/nemotron-mini-4b-instruct,decision,ai,zh,1,valid,5
nvidia/nemotron-mini-4b-instruct,decision,ai,zh,2,valid,5
nvidia/nemotron-mini-4b-instruct,decision,ai,zh,3,truncated,5
nvidia/nemotron-mini-4b-instruct,decision,human,en,0,hedge,5
nvidia/nemotron-mini-4b-instruct,decision,human,en,1,valid,5
nvidia/nemotron-mini-4b-instruct,decision,human,en,2,valid,5
nvidia/nemotron-mini-4b-instruct,decision,human,en,3,truncated,5
nvidia/nemotron-mini-4b-instruct,decision,human,zh,0,truncated,5
nvidia/nemotron-mini-4b-instruct,decision,human,zh,1,valid,5
nvidia/nemotron-mini-4b-instruct,decision,human,zh,2,valid,5
nvidia/nemotron-mini-4b-instruct,decision,human,zh,3,truncated,5
nvidia/nemotron-mini-4b-instruct,emotion,ai,en,0,valid,5
nvidia/nemotron-mini-4b-instruct,emotion,ai,en,1,valid,5
nvidia/nemotron-mini-4b-instruct,emotion,ai,en,2,valid,5
nvidia/nemotron-mini-4b-instruct,emotion,ai,en,3,valid,5
nvidia/nemotron-mini-4b-instruct,emotion,ai,zh,0,valid,5
nvidia/nemotron-mini-4b-instruct,emotion,ai,zh,1,valid,5
nvidia/nemotron-mini-4b-instruct,emotion,ai,zh,2,valid,5
nvidia/nemotron-mini-4b-instruct,emotion,ai,zh,3,truncated,5
nvidia/nemotron-mini-4b-instruct,emotion,human,en,0,truncated,5
nvidia/nemotron-mini-4b-instruct,emotion,human,en,1,valid,5
nvidia/nemotron-mini-4b-instruct,emotion,human,en,2,hedge,5
nvidia/nemotron-mini-4b-instruct,emotion,human,en,3,valid,5
nvidia/nemotron-mini-4b-instruct,emotion,human,zh,0,valid,5
nvidia/nemotron-mini-4b-instruct,emotion,human,zh,1,valid,5
nvidia/nemotron-mini-4b-instruct,emotion,human,zh,2,valid,5
nvidia/nemotron-mini-4b-instruct,emotion,human,zh,3,valid,5
nvidia/nemotron-mini-4b-instruct,moral,ai,en,0,valid,5
nvidia/nemotron-mini-4b-instruct,moral,ai,en,1,valid,5
nvidia/nemotron-mini-4b-instruct,moral,ai,en,2,valid,5
nvidia/nemotron-mini-4b-instruct,moral,ai,en,3,valid,5
nvidia/nemotron-mini-4b-instruct,moral,ai,zh,0,truncated,5
nvidia/nemotron-mini-4b-instruct,moral,ai,zh,1,valid,5
nvidia/nemotron-mini-4b-instruct,moral,ai,zh,2,valid,5
nvidia/nemotron-mini-4b-instruct,moral,ai,zh,3,truncated,5
nvidia/nemotron-mini-4b-instruct,moral,human,en,0,refusal,5
nvidia/nemotron-mini-4b-instruct,moral,human,en,1,valid,5
nvidia/nemotron-mini-4b-instruct,moral,human,en,2,truncated,5
nvidia/nemotron-mini-4b-instruct,moral,human,en,3,valid,5
nvidia/nemotron-mini-4b-instruct,moral,human,zh,0,refusal,5
nvidia/nemotron-mini-4b-instruct,moral,human,zh,1,valid,5
nvidia/nemotron-mini-4b-instruct,moral,human,zh,2,valid,5
nvidia/nemotron-mini-4b-instruct,moral,human,zh,3,truncated,5
nvidia/nemotron-mini-4b-instruct,productivity,ai,en,0,valid,5
nvidia/nemotron-mini-4b-instruct,productivity,ai,en,1,valid,5
nvidia/nemotron-mini-4b-instruct,productivity,ai,en,2,truncated,5
nvidia/nemotron-mini-4b-instruct,productivity,ai,en,3,valid,5
nvidia/nemotron-mini-4b-instruct,productivity,ai,zh,0,truncated,5
nvidia/nemotron-mini-4b-instruct,productivity,ai,zh,1,valid,5
nvidia/nemotron-mini-4b-instruct,productivity,ai,zh,2,valid,5
nvidia/nemotron-mini-4b-instruct,productivity,ai,zh,3,truncated,5
nvidia/nemotron-mini-4b-instruct,productivity,human,en,0,valid,5
nvidia/nemotron-mini-4b-instruct,productivity,human,en,1,valid,5
nvidia/nemotron-mini-4b-instruct,productivity,human,en,2,hedge,5
nvidia/nemotron-mini-4b-instruct,productivity,human,en,3,malformed,5
nvidia/nemotron-mini-4b-instruct,productivity,human,zh,0,malformed,5
nvidia/nemotron-mini-4b-instruct,productivity,human,zh,1,valid,5
nvidia/nemotron-mini-4b-instruct,productivity,human,zh,2,valid,5
nvidia/nemotron-mini-4b-instruct,productivity,human,zh,3,valid,5
nvidia/nemotron-mini-4b-instruct,reliability,ai,en,0,valid,5
nvidia/nemotron-mini-4b-instruct,reliability,ai,en,1,valid,5
nvidia/nemotron-mini-4b-instruct,reliability,ai,en,2,valid,5
nvidia/nemotron-mini-4b-instruct,reliability,ai,en,3,valid,5
nvidia/nemotron-mini-4b-instruct,reliability,ai,zh,0,valid,5
nvidia/nemotron-mini-4b-instruct,reliability,ai,zh,1,valid,5
nvidia/nemotron-mini-4b-instruct,reliability,ai,zh,2,hedge,5
nvidia/nemotron-mini-4b-instruct,reliability,ai,zh,3,refusal,5
nvidia/nemotron-mini-4b-instruct,reliability,human,en,0,valid,5
nvidia/nemotron-mini-4b-instruct,reliability,human,en,1,valid,5
nvidia/nemotron-mini-4b-instruct,reliability,human,en,2,valid,5
nvidia/nemotron-mini-4b-instruct,reliability,human,en,3,valid,5
nvidia/nemotron-mini-4b-instruct,reliability,human,zh,0,refusal,5
nvidia/nemotron-mini-4b-instruct,reliability,human,zh,1,valid,5
nvidia/nemotron-mini-4b-instruct,reliability,human,zh,2,valid,5
nvidia/nemotron-mini-4b-instruct,reliability,human,zh,3,valid,5
nvidia/nemotron-mini-4b-instruct,trust,ai,en,0,refusal,5
nvidia/nemotron-mini-4b-instruct,trust,ai,en,1,valid,5
nvidia/nemotron-mini-4b-instruct,trust,ai,en,2,valid,5
nvidia/nemotron-mini-4b-instruct,trust,ai,en,3,valid,5
nvidia/nemotron-mini-4b-instruct,trust,ai,zh,0,truncated,5
nvidia/nemotron-mini-4b-instruct,trust,ai,zh,1,valid,5
nvidia/nemotron-mini-4b-instruct,trust,ai,zh,2,valid,5
nvidia/nemotron-mini-4b-instruct,trust,ai,zh,3,truncated,5
nvidia/nemotron-mini-4b-instruct,trust,human,en,0,hedge,5
nvidia/nemotron-mini-4b-instruct,trust,human,en,1,valid,5
nvidia/nemotron-mini-4b-instruct,trust,human,en,2,refusal,5
nvidia/nemotron-mini-4b-instruct,trust,human,en,3,malformed,5
nvidia/nemotron-mini-4b-instruct,trust,human,zh,0,valid,5
nvidia/nemotron-mini-4b-instruct,trust,human,zh,1,valid,5
nvidia/nemotron-mini-4b-instruct,trust,human,zh,2,refusal,5
nvidia/nemotron-mini-4b-instruct,trust,human,zh,3,truncated,5
nvidia/nemotron-mini-4b-instruct,worth,ai,en,0,valid,5
nvidia/nemotron-mini-4b-instruct,worth,ai,en,1,valid,5
nvidia/nemotron-mini-4b-instruct,worth,ai,en,2,truncated,5
nvidia/nemotron-mini-4b-instruct,worth,ai,en,3,valid,5
nvidia/nemotron-mini-4b-instruct,worth,ai,zh,0,valid,5
nvidia/nemotron-mini-4b-instruct,worth,ai,zh,1,valid,5
nvidia/nemotron-mini-4b-instruct,worth,ai,zh,2,valid,5
nvidia/nemotron-mini-4b-instruct,worth,ai,zh,3,truncated,5
nvidia/nemotron-mini-4b-instruct,worth,human,en,0,valid,5
nvidia/nemotron-mini-4b-instruct,worth,human,en,1,valid,5
nvidia/nemotron-mini-4b-instruct,worth,human,en,2,valid,5
nvidia/nemotron-mini-4b-instruct,worth,human,en,3,valid,5
nvidia/nemotron-mini-4b-instruct,worth,human,zh,0,truncated,5
nvidia/nemotron-mini-4b-instruct,worth,human,zh,1,truncated,5
nvidia/nemotron-mini-4b-instruct,worth,human,zh,2,valid,5
nvidia/nemotron-mini-4b-instruct,worth,human,zh,3,truncated,5
qwen/qwen3-next-80b-a3b-instruct,creativity,ai,en,0,valid,8
qwen/qwen3-next-80b-a3b-instruct,creativity,ai,en,1,valid,8
qwen/qwen3-next-80b-a3b-instruct,creativity,ai,en,2,valid,8
qwen/qwen3-next-80b-a3b-instruct,creativity,ai,en,3,valid,8
qwen/qwen3-next-80b-a3b-instruct,creativity,ai,zh,0,valid,8
qwen/qwen3-next-80b-a3b-instruct,creativity,ai,zh,1,valid,8
qwen/qwen3-next-80b-a3b-instruct,creativity,ai,zh,2,valid,8
qwen/qwen3-next-80b-a3b-instruct,creativity,ai,zh,3,valid,8
qwen/qwen3-next-80b-a3b-instruct,creativity,human,en,0,valid,8
qwen/qwen3-next-80b-a3b-instruct,creativity,human,en,1,valid,8
qwen/qwen3-next-80b-a3b-instruct,creativity,human,en,2,valid,8
qwen/qwen3-next-80b-a3b-instruct,creativity,human,en,3,valid,8
qwen/qwen3-next-80b-a3b-instruct,creativity,human,zh,0,valid,8
qwen/qwen3-next-80b-a3b-instruct,creativity,human,zh,1,valid,8
qwen/qwen3-next-80b-a3b-instruct,creativity,human,zh,2,valid,8
qwen/qwen3-next-80b-a3b-instruct,creativity,human,zh,3,valid,8
qwen/qwen3-next-80b-a3b-instruct,decision,ai,en,0,valid,8
qwen/qwen3-next-80b-a3b-instruct,decision,ai,en,1,valid,8
qwen/qwen3-next-80b-a3b-instruct,decision,ai,en,2,valid,8
qwen/qwen3-next-80b-a3b-instruct,decision,ai,en,3,valid,8
qwen/qwen3-next-80b-a3b-instruct,decision,ai,zh,0,valid,8
qwen/qwen3-next-80b-a3b-instruct,decision,ai,zh,1,valid,8
qwen/qwen3-next-80b-a3b-instruct,decision,ai,zh,2,valid,8
qwen/qwen3-next-80b-a3b-instruct,decision,ai,zh,3,valid,8
qwen/qwen3-next-80b-a3b-instruct,decision,human,en,0,valid,8
qwen/qwen3-next-80b-a3b-instruct,decision,human,en,1,valid,8
qwen/qwen3-next-80b-a3b-instruct,decision,human,en,2,valid,8
qwen/qwen3-next-80b-a3b-instruct,decision,human,en,3,valid,8
qwen/qwen3-next-80b-a3b-instruct,decision,human,zh,0,valid,8
qwen/qwen3-next-80b-a3b-instruct,decision,human,zh,1,valid,8
qwen/qwen3-next-80b-a3b-instruct,decision,human,zh,2,valid,8
qwen/qwen3-next-80b-a3b-instruct,decision,human,zh,3,valid,8
qwen/qwen3-next-80b-a3b-instruct,emotion,ai,en,0,valid,8
qwen/qwen3-next-80b-a3b-instruct,emotion,ai,en,1,valid,8
qwen/qwen3-next-80b-a3b-instruct,emotion,ai,en,2,valid,8
qwen/qwen3-next-80b-a3b-instruct,emotion,ai,en,3,valid,8
qwen/qwen3-next-80b-a3b-instruct,emotion,ai,zh,0,valid,8
qwen/qwen3-next-80b-a3b-instruct,emotion,ai,zh,1,valid,8
qwen/qwen3-next-80b-a3b-instruct,emotion,ai,zh,2,valid,8
qwen/qwen3-next-80b-a3b-instruct,emotion,ai,zh,3,valid,8
qwen/qwen3-next-80b-a3b-instruct,emotion,human,en,0,valid,8
qwen/qwen3-next-80b-a3b-instruct,emotion,human,en,1,valid,8
qwen/qwen3-next-80b-a3b-instruct,emotion,human,en,2,valid,8
qwen/qwen3-next-80b-a3b-instruct,emotion,human,en,3,valid,8
qwen/qwen3-next-80b-a3b-instruct,emotion,human,zh,0,valid,8
qwen/qwen3-next-80b-a3b-instruct,emotion,human,zh,1,valid,8
qwen/qwen3-next-80b-a3b-instruct,emotion,human,zh,2,valid,8
qwen/qwen3-next-80b-a3b-instruct,emotion,human,zh,3,valid,8
qwen/qwen3-next-80b-a3b-instruct,moral,ai,en,0,valid,8
qwen/qwen3-next-80b-a3b-instruct,moral,ai,en,1,valid,8
qwen/qwen3-next-80b-a3b-instruct,moral,ai,en,2,malformed,2
qwen/qwen3-next-80b-a3b-instruct,moral,ai,en,2,out_of_range,6
qwen/qwen3-next-80b-a3b-instruct,moral,ai,en,3,valid,8
qwen/qwen3-next-80b-a3b-instruct,moral,ai,zh,0,valid,8
qwen/qwen3-next-80b-a3b-instruct,moral,ai,zh,1,valid,8
qwen/qwen3-next-80b-a3b-instruct,moral,ai,zh,2,valid,8
qwen/qwen3-next-80b-a3b-instruct,moral,ai,zh,3,valid,8
qwen/qwen3-next-80b-a3b-instruct,moral,human,en,0,valid,8
qwen/qwen3-next-80b-a3b-instruct,moral,human,en,1,valid,8
qwen/qwen3-next-80b-a3b-instruct,moral,human,en,2,valid,8
qwen/qwen3-next-80b-a3b-instruct,moral,human,en,3,valid,8
qwen/qwen3-next-80b-a3b-instruct,moral,human,zh,0,valid,8
qwen/qwen3-next-80b-a3b-instruct,moral,human,zh,1,valid,8
qwen/qwen3-next-80b-a3b-instruct,moral,human,zh,2,valid,8
qwen/qwen3-next-80b-a3b-instruct,moral,human,zh,3,valid,8
qwen/qwen3-next-80b-a3b-instruct,productivity,ai,en,0,valid,8
qwen/qwen3-next-80b-a3b-instruct,productivity,ai,en,1,valid,8
qwen/qwen3-next-80b-a3b-instruct,productivity,ai,en,2,valid,8
qwen/qwen3-next-80b-a3b-instruct,productivity,ai,en,3,valid,8
qwen/qwen3-next-80b-a3b-instruct,productivity,ai,zh,0,valid,8
qwen/qwen3-next-80b-a3b-instruct,productivity,ai,zh,1,valid,8
qwen/qwen3-next-80b-a3b-instruct,productivity,ai,zh,2,valid,8
qwen/qwen3-next-80b-a3b-instruct,productivity,ai,zh,3,valid,8
qwen/qwen3-next-80b-a3b-instruct,productivity,human,en,0,valid,8
qwen/qwen3-next-80b-a3b-instruct,productivity,human,en,1,valid,8
qwen/qwen3-next-80b-a3b-instruct,productivity,human,en,2,valid,8
qwen/qwen3-next-80b-a3b-instruct,productivity,human,en,3,valid,8
qwen/qwen3-next-80b-a3b-instruct,productivity,human,zh,0,valid,8
qwen/qwen3-next-80b-a3b-instruct,productivity,human,zh,1,valid,8
qwen/qwen3-next-80b-a3b-instruct,productivity,human,zh,2,valid,8
qwen/qwen3-next-80b-a3b-instruct,productivity,human,zh,3,valid,8
qwen/qwen3-next-80b-a3b-instruct,reliability,ai,en,0,valid,8
qwen/qwen3-next-80b-a3b-instruct,reliability,ai,en,1,valid,8
qwen/qwen3-next-80b-a3b-instruct,reliability,ai,en,2,valid,8
qwen/qwen3-next-80b-a3b-instruct,reliability,ai,en,3,valid,8
qwen/qwen3-next-80b-a3b-instruct,reliability,ai,zh,0,valid,8
qwen/qwen3-next-80b-a3b-instruct,reliability,ai,zh,1,valid,8
qwen/qwen3-next-80b-a3b-instruct,reliability,ai,zh,2,valid,8
qwen/qwen3-next-80b-a3b-instruct,reliability,ai,zh,3,valid,8
qwen/qwen3-next-80b-a3b-instruct,reliability,human,en,0,valid,8
qwen/qwen3-next-80b-a3b-instruct,reliability,human,en,1,valid,8
qwen/qwen3-next-80b-a3b-instruct,reliability,human,en,2,valid,8
qwen/qwen3-next-80b-a3b-instruct,reliability,human,en,3,valid,8
qwen/qwen3-next-80b-a3b-instruct,reliability,human,zh,0,valid,8
qwen/qwen3-next-80b-a3b-instruct,reliability,human,zh,1,valid,8
qwen/qwen3-next-80b-a3b-instruct,reliability,human,zh,2,valid,8
qwen/qwen3-next-80b-a3b-instruct,reliability,human,zh,3,valid,8
qwen/qwen3-next-80b-a3b-instruct,trust,ai,en,0,valid,8
qwen/qwen3-next-80b-a3b-instruct,trust,ai,en,1,valid,8
qwen/qwen3-next-80b-a3b-instruct,trust,ai,en,2,valid,8
qwen/qwen3-next-80b-a3b-instruct,trust,ai,en,3,valid,8
qwen/qwen3-next-80b-a3b-instruct,trust,ai,zh,0,valid,8
qwen/qwen3-next-80b-a3b-instruct,trust,ai,zh,1,valid,8
qwen/qwen3-next-80b-a3b-instruct,trust,ai,zh,2,valid,8
qwen/qwen3-next-80b-a3b-instruct,trust,ai,zh,3,valid,8
qwen/qwen3-next-80b-a3b-instruct,trust,human,en,0,valid,8
qwen/qwen3-next-80b-a3b-instruct,trust,human,en,1,valid,8
qwen/qwen3-next-80b-a3b-instruct,trust,human,en,2,valid,8
qwen/qwen3-next-80b-a3b-instruct,trust,human,en,3,valid,8
qwen/qwen3-next-80b-a3b-instruct,trust,human,zh,0,valid,8
qwen/qwen3-next-80b-a3b-instruct,trust,human,zh,1,valid,8
qwen/qwen3-next-80b-a3b-instruct,trust,human,zh,2,valid,8
qwen/qwen3-next-80b-a3b-instruct,trust,human,zh,3,valid,8
qwen/qwen3-next-80b-a3b-instruct,worth,ai,en,0,valid,8
qwen/qwen3-next-80b-a3b-instruct,worth,ai,en,1,valid,8
qwen/qwen3-next-80b-a3b-instruct,worth,ai,en,2,valid,8
qwen/qwen3-next-80b-a3b-instruct,worth,ai,en,3,valid,8
qwen/qwen3-next-80b-a3b-instruct,worth,ai,zh,0,valid,8
qwen/qwen3-next-80b-a3b-instruct,worth,ai,zh,1,valid,8
qwen/qwen3-next-80b-a3b-instruct,worth,ai,zh,2,valid,8
qwen/qwen3-next-80b-a3b-instruct,worth,ai,zh,3,valid,8
qwen/qwen3-next-80b-a3b-instruct,worth,human,en,0,valid,8
qwen/qwen3-next-80b-a3b-instruct,worth,human,en,1,valid,8
qwen/qwen3-next-80b-a3b-instruct,worth,human,en,2,valid,8
qwen/qwen3-next-80b-a3b-instruct,worth,human,en,3,valid,8
qwen/qwen3-next-80b-a3b-instruct,worth,human,zh,0,valid,8
qwen/qwen3-next-80b-a3b-instruct,worth,human,zh,1,valid,8
qwen/qwen3-next-80b-a3b-instruct,worth,human,zh,2,valid,8
qwen/qwen3-next-80b-a3b-instruct,worth,human,zh,3,valid,8
