model,dimension,agent,language,n,invalid,rate
google/gemma-2-2b-it,creativity,ai,en,32,0,0.0
google/gemma-2-2b-it,creativity,ai,zh,32,8,0.25
google/gemma-2-2b-it,creativity,human,en,32,8,0.25
google/gemma-2-2b-it,creativity,human,zh,32,0,0.0
google/gemma-2-2b-it,decision,ai,en,32,0,0.0
google/gemma-2-2b-it,decision,ai,zh,32,8,0.25
google/gemma-2-2b-it,decision,human,en,32,0,0.0
google/gemma-2-2b-it,decision,human,zh,32,0,0.0
google/gemma-2-2b-it,emotion,ai,en,32,0,0.0
google/gemma-2-2b-it,emotion,ai,zh,32,8,0.25
google/gemma-2-2b-it,emotion,human,en,32,0,0.0
google/gemma-2-2b-it,emotion,human,zh,32,0,0.0
google/gemma-2-2b-it,moral,ai,en,32,8,0.25
google/gemma-2-2b-it,moral,ai,zh,32,4,0.125
google/gemma-2-2b-it,moral,human,en,32,24,0.75
google/gemma-2-2b-it,moral,human,zh,32,8,0.25
google/gemma-2-2b-it,productivity,ai,en,32,8,0.25
google/gemma-2-2b-it,productivity,ai,zh,32,0,0.0
google/gemma-2-2b-it,productivity,human,en,32,8,0.25
google/gemma-2-2b-it,productivity,human,zh,32,0,0.0
google/gemma-2-2b-it,reliability,ai,en,32,7,0.21875
google/gemma-2-2b-it,reliability,ai,zh,32,0,0.0
google/gemma-2-2b-it,reliability,human,en,32,8,0.25
google/gemma-2-2b-it,reliability,human,zh,32,0,0.0
google/gemma-2-2b-it,trust,ai,en,32,0,0.0
google/gemma-2-2b-it,trust,ai,zh,32,0,0.0
google/gemma-2-2b-it,trust,human,en,32,16,0.5
google/gemma-2-2b-it,trust,human,zh,32,0,0.0
google/gemma-2-2b-it,worth,ai,en,32,0,0.0
google/gemma-2-2b-it,worth,ai,zh,32,0,0.0
google/gemma-2-2b-it,worth,human,en,32,5,0.15625
google/gemma-2-2b-it,worth,human,zh,32,4,0.125
meta/llama-3.1-8b-instruct,creativity,ai,en,32,0,0.0
meta/llama-3.1-8b-instruct,creativity,ai,zh,32,0,0.0
meta/llama-3.1-8b-instruct,creativity,human,en,32,0,0.0
meta/llama-3.1-8b-instruct,creativity,human,zh,32,0,0.0
meta/llama-3.1-8b-instruct,decision,ai,en,32,0,0.0
meta/llama-3.1-8b-instruct,decision,ai,zh,32,0,0.0
meta/llama-3.1-8b-instruct,decision,human,en,32,0,0.0
meta/llama-3.1-8b-instruct,decision,human,zh,32,0,0.0
meta/llama-3.1-8b-instruct,emotion,ai,en,32,0,0.0
meta/llama-3.1-8b-instruct,emotion,ai,zh,32,0,0.0
meta/llama-3.1-8b-instruct,emotion,human,en,32,0,0.0
meta/llama-3.1-8b-instruct,emotion,human,zh,32,0,0.0
meta/llama-3.1-8b-instruct,moral,ai,en,32,0,0.0
meta/llama-3.1-8b-instruct,moral,ai,zh,32,0,0.0
meta/llama-3.1-8b-instruct,moral,human,en,32,0,0.0
meta/llama-3.1-8b-instruct,moral,human,zh,32,0,0.0
meta/llama-3.1-8b-instruct,productivity,ai,en,32,0,0.0
meta/llama-3.1-8b-instruct,productivity,ai,zh,32,0,0.0
meta/llama-3.1-8b-instruct,productivity,human,en,32,0,0.0
meta/llama-3.1-8b-instruct,productivity,human,zh,32,0,0.0
meta/llama-3.1-8b-instruct,reliability,ai,en,32,0,0.0
meta/llama-3.1-8b-instruct,reliability,ai,zh,32,0,0.0
meta/llama-3.1-8b-instruct,reliability,human,en,32,0,0.0
meta/llama-3.1-8b-instruct,reliability,human,zh,32,0,0.0
meta/llama-3.1-8b-instruct,trust,ai,en,32,0,0.0
meta/llama-3.1-8b-instruct,trust,ai,zh,32,0,0.0
meta/llama-3.1-8b-instruct,trust,human,en,32,0,0.0
meta/llama-3.1-8b-instruct,trust,human,zh,32,0,0.0
meta/llama-3.1-8b-instruct,worth,ai,en,32,0,0.0
meta/llama-3.1-8b-instruct,worth,ai,zh,32,0,0.0
meta/llama-3.1-8b-instruct,worth,human,en,32,0,0.0
meta/llama-3.1-8b-instruct,worth,human,zh,32,1,0.03125
meta/llama-3.3-70b-instruct,creativity,ai,en,32,0,0.0
meta/llama-3.3-70b-instruct,creativity,ai,zh,32,0,0.0
meta/llama-3.3-70b-instruct,creativity,human,en,32,0,0.0
meta/llama-3.3-70b-instruct,creativity,human,zh,32,0,0.0
meta/llama-3.3-70b-instruct,decision,ai,en,32,0,0.0
meta/llama-3.3-70b-instruct,decision,ai,zh,32,0,0.0
meta/llama-3.3-70b-instruct,decision,human,en,32,0,0.0
meta/llama-3.3-70b-instruct,decision,human,zh,32,0,0.0
meta/llama-3.3-70b-instruct,emotion,ai,en,32,0,0.0
meta/llama-3.3-70b-instruct,emotion,ai,zh,32,0,0.0
meta/llama-3.3-70b-instruct,emotion,human,en,32,0,0.0
meta/llama-3.3-70b-instruct,emotion,human,zh,32,0,0.0
meta/llama-3.3-70b-instruct,moral,ai,en,32,0,0.0
meta/llama-3.3-70b-instruct,moral,ai,zh,32,0,0.0
meta/llama-3.3-70b-instruct,moral,human,en,32,0,0.0
meta/llama-3.3-70b-instruct,moral,human,zh,32,0,0.0
meta/llama-3.3-70b-instruct,productivity,ai,en,32,0,0.0
meta/llama-3.3-70b-instruct,productivity,ai,zh,32,0,0.0
meta/llama-3.3-70b-instruct,productivity,human,en,32,0,0.0
meta/llama-3.3-70b-instruct,productivity,human,zh,32,0,0.0
meta/llama-3.3-70b-instruct,reliability,ai,en,32,0,0.0
meta/llama-3.3-70b-instruct,reliability,ai,zh,32,0,0.0
meta/llama-3.3-70b-instruct,reliability,human,en,32,0,0.0
meta/llama-3.3-70b-instruct,reliability,human,zh,32,0,0.0
meta/llama-3.3-70b-instruct,trust,ai,en,32,0,0.0
meta/llama-3.3-70b-instruct,trust,ai,zh,32,0,0.0
meta/llama-3.3-70b-instruct,trust,human,en,32,0,0.0
meta/llama-3.3-70b-instruct,trust,human,zh,32,0,0.0
meta/llama-3.3-70b-instruct,worth,ai,en,32,0,0.0
meta/llama-3.3-70b-instruct,worth,ai,zh,32,2,0.0625
meta/llama-3.3-70b-instruct,worth,human,en,32,0,0.0
meta/llama-3.3-70b-instruct,worth,human,zh,32,0,0.0
microsoft/phi-4-mini-instruct,creativity,ai,en,32,3,0.09375
microsoft/phi-4-mini-instruct,creativity,ai,zh,32,2,0.0625
microsoft/phi-4-mini-instruct,creativity,human,en,32,2,0.0625
microsoft/phi-4-mini-instruct,creativity,human,zh,32,1,0.03125
microsoft/phi-4-mini-instruct,decision,ai,en,32,4,0.125
microsoft/phi-4-mini-instruct,decision,ai,zh,32,0,0.0
microsoft/phi-4-mini-instruct,decision,human,en,32,3,0.09375
microsoft/phi-4-mini-instruct,decision,human,zh,32,0,0.0
microsoft/phi-4-mini-instruct,emotion,ai,en,32,5,0.15625
microsoft/phi-4-mini-instruct,emotion,ai,zh,32,0,0.0
microsoft/phi-4-mini-instruct,emotion,human,en,32,3,0.09375
microsoft/phi-4-mini-instruct,emotion,human,zh,32,0,0.0
microsoft/phi-4-mini-instruct,moral,ai,en,32,12,0.375
microsoft/phi-4-mini-instruct,moral,ai,zh,32,0,0.0
microsoft/phi-4-mini-instruct,moral,human,en,32,20,0.625
microsoft/phi-4-mini-instruct,moral,human,zh,32,1,0.03125
microsoft/phi-4-mini-instruct,productivity,ai,en,32,2,0.0625
microsoft/phi-4-mini-instruct,productivity,ai,zh,32,0,0.0
microsoft/phi-4-mini-instruct,productivity,human,en,32,1,0.03125
microsoft/phi-4-mini-instruct,productivity,human,zh,32,1,0.03125
microsoft/phi-4-mini-instruct,reliability,ai,en,32,7,0.21875
microsoft/phi-4-mini-instruct,reliability,ai,zh,32,0,0.0
microsoft/phi-4-mini-instruct,reliability,human,en,32,2,0.0625
microsoft/phi-4-mini-instruct,reliability,human,zh,32,1,0.03125
microsoft/phi-4-mini-instruct,trust,ai,en,32,4,0.125
microsoft/phi-4-mini-instruct,trust,ai,zh,32,0,0.0
microsoft/phi-4-mini-instruct,trust,human,en,32,2,0.0625
microsoft/phi-4-mini-instruct,trust,human,zh,32,2,0.0625
microsoft/phi-4-mini-instruct,worth,ai,en,32,3,0.09375
microsoft/phi-4-mini-instruct,worth,ai,zh,32,0,0.0
microsoft/phi-4-mini-instruct,worth,human,en,32,3,0.09375
microsoft/phi-4-mini-instruct,worth,human,zh,32,0,0.0
mistralai/mixtral-8x7b-instruct-v0.1,creativity,ai,en,32,24,0.75
mistralai/mixtral-8x7b-instruct-v0.1,creativity,ai,zh,32,8,0.25
mistralai/mixtral-8x7b-instruct-v0.1,creativity,human,en,32,12,0.375
mistralai/mixtral-8x7b-instruct-v0.1,creativity,human,zh,32,0,0.0
mistralai/mixtral-8x7b-instruct-v0.1,decision,ai,en,32,32,1.0
mistralai/mixtral-8x7b-instruct-v0.1,decision,ai,zh,32,2,0.0625
mistralai/mixtral-8x7b-instruct-v0.1,decision,human,en,32,24,0.75
mistralai/mixtral-8x7b-instruct-v0.1,decision,human,zh,32,0,0.0
mistralai/mixtral-8x7b-instruct-v0.1,emotion,ai,en,32,31,0.96875
mistralai/mixtral-8x7b-instruct-v0.1,emotion,ai,zh,32,2,0.0625
mistralai/mixtral-8x7b-instruct-v0.1,emotion,human,en,32,29,0.90625
mistralai/mixtral-8x7b-instruct-v0.1,emotion,human,zh,32,0,0.0
mistralai/mixtral-8x7b-instruct-v0.1,moral,ai,en,32,32,1.0
mistralai/mixtral-8x7b-instruct-v0.1,moral,ai,zh,32,12,0.375
mistralai/mixtral-8x7b-instruct-v0.1,moral,human,en,32,32,1.0
mistralai/mixtral-8x7b-instruct-v0.1,moral,human,zh,32,1,0.03125
mistralai/mixtral-8x7b-instruct-v0.1,productivity,ai,en,32,32,1.0
mistralai/mixtral-8x7b-instruct-v0.1,productivity,ai,zh,32,6,0.1875
mistralai/mixtral-8x7b-instruct-v0.1,productivity,human,en,32,24,0.75
mistralai/mixtral-8x7b-instruct-v0.1,productivity,human,zh,32,0,0.0
mistralai/mixtral-8x7b-instruct-v0.1,reliability,ai,en,32,32,1.0
mistralai/mixtral-8x7b-instruct-v0.1,reliability,ai,zh,32,16,0.5
mistralai/mixtral-8x7b-instruct-v0.1,reliability,human,en,32,27,0.84375
mistralai/mixtral-8x7b-instruct-v0.1,reliability,human,zh,32,0,0.0
mistralai/mixtral-8x7b-instruct-v0.1,trust,ai,en,32,32,1.0
mistralai/mixtral-8x7b-instruct-v0.1,trust,ai,zh,32,0,0.0
mistralai/mixtral-8x7b-instruct-v0.1,trust,human,en,32,32,1.0
mistralai/mixtral-8x7b-instruct-v0.1,trust,human,zh,32,2,0.0625
mistralai/mixtral-8x7b-instruct-v0.1,worth,ai,en,32,24,0.75
mistralai/mixtral-8x7b-instruct-v0.1,worth,ai,zh,32,0,0.0
mistralai/mixtral-8x7b-instruct-v0.1,worth,human,en,32,32,1.0
mistralai/mixtral-8x7b-instruct-v0.1,worth,human,zh,32,0,0.0
nvidia/nemotron-mini-4b-instruct,creativity,ai,en,20,0,0.0
nvidia/nemotron-mini-4b-instruct,creativity,ai,zh,20,5,0.25
nvidia/nemotron-mini-4b-instruct,creativity,human,en,20,0,0.0
nvidia/nemotron-mini-4b-instruct,creativity,human,zh,20,5,0.25
nvidia/nemotron-mini-4b-instruct,decision,ai,en,20,15,0.75
nvidia/nemotron-mini-4b-instruct,decision,ai,zh,20,5,0.25
nvidia/nemotron-mini-4b-instruct,decision,human,en,20,10,0.5
nvidia/nemotron-mini-4b-instruct,decision,human,zh,20,10,0.5
nvidia/nemotron-mini-4b-instruct,emotion,ai,en,20,0,0.0
nvidia/nemotron-mini-4b-instruct,emotion,ai,zh,20,5,0.25
nvidia/nemotron-mini-4b-instruct,emotion,human,en,20,10,0.5
nvidia/nemotron-mini-4b-instruct,emotion,human,zh,20,0,0.0
nvidia/nemotron-mini-4b-instruct,moral,ai,en,20,0,0.0
nvidia/nemotron-mini-4b-instruct,moral,ai,zh,20,10,0.5
nvidia/nemotron-mini-4b-instruct,moral,human,en,20,10,0.5
nvidia/nemotron-mini-4b-instruct,moral,human,zh,20,10,0.5
nvidia/nemotron-mini-4b-instruct,productivity,ai,en,20,5,0.25
nvidia/nemotron-mini-4b-instruct,productivity,ai,zh,20,10,0.5
nvidia/nemotron-mini-4b-instruct,productivity,human,en,20,10,0.5
nvidia/nemotron-mini-4b-instruct,productivity,human,zh,20,5,0.25
nvidia/nemotron-mini-4b-instruct,reliability,ai,en,20,0,0.0
nvidia/nemotron-mini-4b-instruct,reliability,ai,zh,20,10,0.5
nvidia/nemotron-mini-4b-instruct,reliability,human,en,20,0,0.0
nvidia/nemotron-mini-4b-instruct,reliability,human,zh,20,5,0.25
nvidia/nemotron-mini-4b-instruct,trust,ai,en,20,5,0.25
nvidia/nemotron-mini-4b-instruct,trust,ai,zh,20,10,0.5
nvidia/nemotron-mini-4b-instruct,trust,human,en,20,15,0.75
nvidia/nemotron-mini-4b-instruct,trust,human,zh,20,10,0.5
nvidia/nemotron-mini-4b-instruct,worth,ai,en,20,5,0.25
nvidia/nemotron-mini-4b-instruct,worth,ai,zh,20,5,0.25
nvidia/nemotron-mini-4b-instruct,worth,human,en,20,0,0.0
nvidia/nemotron-mini-4b-instruct,worth,human,zh,20,15,0.75
qwen/qwen3-next-80b-a3b-instruct,creativity,ai,en,32,0,0.0
qwen/qwen3-next-80b-a3b-instruct,creativity,ai,zh,32,0,0.0
qwen/qwen3-next-80b-a3b-instruct,creativity,human,en,32,0,0.0
qwen/qwen3-next-80b-a3b-instruct,creativity,human,zh,32,0,0.0
qwen/qwen3-next-80b-a3b-instruct,decision,ai,en,32,0,0.0
qwen/qwen3-next-80b-a3b-instruct,decision,ai,zh,32,0,0.0
qwen/qwen3-next-80b-a3b-instruct,decision,human,en,32,0,0.0
qwen/qwen3-next-80b-a3b-instruct,decision,human,zh,32,0,0.0
qwen/qwen3-next-80b-a3b-instruct,emotion,ai,en,32,0,0.0
qwen/qwen3-next-80b-a3b-instruct,emotion,ai,zh,32,0,0.0
qwen/qwen3-next-80b-a3b-instruct,emotion,human,en,32,0,0.0
qwen/qwen3-next-80b-a3b-instruct,emotion,human,zh,32,0,0.0
qwen/qwen3-next-80b-a3b-instruct,moral,ai,en,32,8,0.25
qwen/qwen3-next-80b-a3b-instruct,moral,ai,zh,32,0,0.0
qwen/qwen3-next-80b-a3b-instruct,moral,human,en,32,0,0.0
qwen/qwen3-next-80b-a3b-instruct,moral,human,zh,32,0,0.0
qwen/qwen3-next-80b-a3b-instruct,productivity,ai,en,32,0,0.0
qwen/qwen3-next-80b-a3b-instruct,productivity,ai,zh,32,0,0.0
qwen/qwen3-next-80b-a3b-instruct,productivity,human,en,32,0,0.0
qwen/qwen3-next-80b-a3b-instruct,productivity,human,zh,32,0,0.0
qwen/qwen3-next-80b-a3b-instruct,reliability,ai,en,32,0,0.0
qwen/qwen3-next-80b-a3b-instruct,reliability,ai,zh,32,0,0.0
qwen/qwen3-next-80b-a3b-instruct,reliability,human,en,32,0,0.0
qwen/qwen3-next-80b-a3b-instruct,reliability,human,zh,32,0,0.0
qwen/qwen3-next-80b-a3b-instruct,trust,ai,en,32,0,0.0
qwen/qwen3-next-80b-a3b-instruct,trust,ai,zh,32,0,0.0
qwen/qwen3-next-80b-a3b-instruct,trust,human,en,32,0,0.0
qwen/qwen3-next-80b-a3b-instruct,trust,human,zh,32,0,0.0
qwen/qwen3-next-80b-a3b-instruct,worth,ai,en,32,0,0.0
qwen/qwen3-next-80b-a3b-instruct,worth,ai,zh,32,0,0.0
qwen/qwen3-next-80b-a3b-instruct,worth,human,en,32,0,0.0
qwen/qwen3-next-80b-a3b-instruct,worth,human,zh,32,0,0.0
