model,language,agent,n_responses,legacy_false_positive,legacy_fp_mean_value,legacy_value_differs_on_valid
google/gemma-2-2b-it,en,ai,256,0.0,,0.0
google/gemma-2-2b-it,en,human,256,0.0,,0.0
google/gemma-2-2b-it,zh,ai,256,0.0,,0.0
google/gemma-2-2b-it,zh,human,256,0.0,,0.0
meta/llama-3.1-8b-instruct,en,ai,256,0.0,,0.0
meta/llama-3.1-8b-instruct,en,human,256,0.0,,0.0
meta/llama-3.1-8b-instruct,zh,ai,256,0.0,,0.0
meta/llama-3.1-8b-instruct,zh,human,256,1.0,1.0,3.0
meta/llama-3.3-70b-instruct,en,ai,256,0.0,,0.0
meta/llama-3.3-70b-instruct,en,human,256,0.0,,0.0
meta/llama-3.3-70b-instruct,zh,ai,256,0.0,,0.0
meta/llama-3.3-70b-instruct,zh,human,256,0.0,,0.0
microsoft/phi-4-mini-instruct,en,ai,256,3.0,1.0,0.0
microsoft/phi-4-mini-instruct,en,human,256,1.0,6.0,1.0
microsoft/phi-4-mini-instruct,zh,ai,256,1.0,7.0,0.0
microsoft/phi-4-mini-instruct,zh,human,256,2.0,4.0,1.0
mistralai/mixtral-8x7b-instruct-v0.1,en,ai,256,0.0,,1.0
mistralai/mixtral-8x7b-instruct-v0.1,en,human,256,1.0,1.0,0.0
mistralai/mixtral-8x7b-instruct-v0.1,zh,ai,256,10.0,1.4,1.0
mistralai/mixtral-8x7b-instruct-v0.1,zh,human,256,0.0,,0.0
nvidia/nemotron-mini-4b-instruct,en,ai,160,0.0,,0.0
nvidia/nemotron-mini-4b-instruct,en,human,160,0.0,,0.0
nvidia/nemotron-mini-4b-instruct,zh,ai,160,0.0,,0.0
nvidia/nemotron-mini-4b-instruct,zh,human,160,0.0,,0.0
qwen/qwen3-next-80b-a3b-instruct,en,ai,256,0.0,,0.0
qwen/qwen3-next-80b-a3b-instruct,en,human,256,0.0,,0.0
qwen/qwen3-next-80b-a3b-instruct,zh,ai,256,0.0,,0.0
qwen/qwen3-next-80b-a3b-instruct,zh,human,256,0.0,,0.0
