model,category,not_truncated,truncated_flag
google/gemma-2-2b-it,hedge,1,17
google/gemma-2-2b-it,malformed,8,0
google/gemma-2-2b-it,refusal,2,88
google/gemma-2-2b-it,truncated,0,16
google/gemma-2-2b-it,valid,892,0
meta/llama-3.1-8b-instruct,refusal,0,1
meta/llama-3.1-8b-instruct,valid,1019,4
meta/llama-3.3-70b-instruct,out_of_range,2,0
meta/llama-3.3-70b-instruct,valid,1022,0
microsoft/phi-4-mini-instruct,hedge,0,6
microsoft/phi-4-mini-instruct,out_of_range,1,1
microsoft/phi-4-mini-instruct,refusal,8,47
microsoft/phi-4-mini-instruct,truncated,0,21
microsoft/phi-4-mini-instruct,valid,823,116
microsoft/phi-4-mini-instruct,valid_range,1,0
mistralai/mixtral-8x7b-instruct-v0.1,hedge,0,21
mistralai/mixtral-8x7b-instruct-v0.1,malformed,11,0
mistralai/mixtral-8x7b-instruct-v0.1,out_of_range,3,5
mistralai/mixtral-8x7b-instruct-v0.1,refusal,4,200
mistralai/mixtral-8x7b-instruct-v0.1,truncated,0,256
mistralai/mixtral-8x7b-instruct-v0.1,valid,172,351
mistralai/mixtral-8x7b-instruct-v0.1,valid_range,0,1
nvidia/nemotron-mini-4b-instruct,hedge,0,25
nvidia/nemotron-mini-4b-instruct,malformed,20,0
nvidia/nemotron-mini-4b-instruct,refusal,0,45
nvidia/nemotron-mini-4b-instruct,truncated,0,115
nvidia/nemotron-mini-4b-instruct,valid,435,0
qwen/qwen3-next-80b-a3b-instruct,malformed,2,0
qwen/qwen3-next-80b-a3b-instruct,out_of_range,6,0
qwen/qwen3-next-80b-a3b-instruct,valid,1016,0
