model,template,agent,n,invalid,rate
google/gemma-2-2b-it,0,ai,128,0,0.0
google/gemma-2-2b-it,0,human,128,9,0.0703125
google/gemma-2-2b-it,1,ai,128,8,0.0625
google/gemma-2-2b-it,1,human,128,17,0.1328125
google/gemma-2-2b-it,2,ai,128,0,0.0
google/gemma-2-2b-it,2,human,128,0,0.0
google/gemma-2-2b-it,3,ai,128,43,0.3359375
google/gemma-2-2b-it,3,human,128,55,0.4296875
meta/llama-3.1-8b-instruct,0,ai,128,0,0.0
meta/llama-3.1-8b-instruct,0,human,128,1,0.0078125
meta/llama-3.1-8b-instruct,1,ai,128,0,0.0
meta/llama-3.1-8b-instruct,1,human,128,0,0.0
meta/llama-3.1-8b-instruct,2,ai,128,0,0.0
meta/llama-3.1-8b-instruct,2,human,128,0,0.0
meta/llama-3.1-8b-instruct,3,ai,128,0,0.0
meta/llama-3.1-8b-instruct,3,human,128,0,0.0
meta/llama-3.3-70b-instruct,0,ai,128,0,0.0
meta/llama-3.3-70b-instruct,0,human,128,0,0.0
meta/llama-3.3-70b-instruct,1,ai,128,0,0.0
meta/llama-3.3-70b-instruct,1,human,128,0,0.0
meta/llama-3.3-70b-instruct,2,ai,128,2,0.015625
meta/llama-3.3-70b-instruct,2,human,128,0,0.0
meta/llama-3.3-70b-instruct,3,ai,128,0,0.0
meta/llama-3.3-70b-instruct,3,human,128,0,0.0
microsoft/phi-4-mini-instruct,0,ai,128,5,0.0390625
microsoft/phi-4-mini-instruct,0,human,128,9,0.0703125
microsoft/phi-4-mini-instruct,1,ai,128,13,0.1015625
microsoft/phi-4-mini-instruct,1,human,128,10,0.078125
microsoft/phi-4-mini-instruct,2,ai,128,8,0.0625
microsoft/phi-4-mini-instruct,2,human,128,8,0.0625
microsoft/phi-4-mini-instruct,3,ai,128,16,0.125
microsoft/phi-4-mini-instruct,3,human,128,15,0.1171875
mistralai/mixtral-8x7b-instruct-v0.1,0,ai,128,73,0.5703125
mistralai/mixtral-8x7b-instruct-v0.1,0,human,128,58,0.453125
mistralai/mixtral-8x7b-instruct-v0.1,1,ai,128,85,0.6640625
mistralai/mixtral-8x7b-instruct-v0.1,1,human,128,56,0.4375
mistralai/mixtral-8x7b-instruct-v0.1,2,ai,128,56,0.4375
mistralai/mixtral-8x7b-instruct-v0.1,2,human,128,37,0.2890625
mistralai/mixtral-8x7b-instruct-v0.1,3,ai,128,71,0.5546875
mistralai/mixtral-8x7b-instruct-v0.1,3,human,128,64,0.5
nvidia/nemotron-mini-4b-instruct,0,ai,80,30,0.375
nvidia/nemotron-mini-4b-instruct,0,human,80,45,0.5625
nvidia/nemotron-mini-4b-instruct,1,ai,80,0,0.0
nvidia/nemotron-mini-4b-instruct,1,human,80,5,0.0625
nvidia/nemotron-mini-4b-instruct,2,ai,80,20,0.25
nvidia/nemotron-mini-4b-instruct,2,human,80,25,0.3125
nvidia/nemotron-mini-4b-instruct,3,ai,80,40,0.5
nvidia/nemotron-mini-4b-instruct,3,human,80,40,0.5
qwen/qwen3-next-80b-a3b-instruct,0,ai,128,0,0.0
qwen/qwen3-next-80b-a3b-instruct,0,human,128,0,0.0
qwen/qwen3-next-80b-a3b-instruct,1,ai,128,0,0.0
qwen/qwen3-next-80b-a3b-instruct,1,human,128,0,0.0
qwen/qwen3-next-80b-a3b-instruct,2,ai,128,8,0.0625
qwen/qwen3-next-80b-a3b-instruct,2,human,128,0,0.0
qwen/qwen3-next-80b-a3b-instruct,3,ai,128,0,0.0
qwen/qwen3-next-80b-a3b-instruct,3,human,128,0,0.0
