dimension,responses,invalid,pct_invalid_pooled,pct_invalid_model_mean,pct_invalid_model_min,model_min,pct_invalid_model_max,model_max,pct_invalid_ai_model_mean,pct_invalid_human_model_mean,pct_valid_model_mean,pct_valid_range_model_mean,pct_empty_model_mean,pct_out_of_range_model_mean,pct_refusal_model_mean,pct_hedge_model_mean,pct_truncated_model_mean,pct_multiple_model_mean,pct_malformed_model_mean
productivity,848,112,13.20754716981132,14.508928571428573,0.0,llama-3.1-8b-instruct,48.4375,mixtral-8x7b-instruct-v0.1,16.071428571428573,12.946428571428573,85.49107142857143,0.0,0.0,0.0,3.3482142857142856,3.013392857142857,6.361607142857142,0.0,1.7857142857142856
decision,848,113,13.325471698113208,15.290178571428573,0.0,llama-3.1-8b-instruct,50.0,nemotron-mini-4b-instruct,17.410714285714285,13.169642857142858,84.70982142857143,0.0,0.0,0.0,5.46875,1.0044642857142858,8.816964285714286,0.0,0.0
trust,848,130,15.330188679245282,17.1875,0.0,llama-3.1-8b-instruct,51.5625,mixtral-8x7b-instruct-v0.1,13.392857142857142,20.982142857142858,82.8125,0.0,0.0,0.0,6.919642857142858,1.5625,7.5892857142857135,0.0,1.1160714285714286
reliability,848,115,13.561320754716983,13.839285714285715,0.0,llama-3.1-8b-instruct,58.59375,mixtral-8x7b-instruct-v0.1,17.410714285714285,10.267857142857142,86.16071428571429,0.0,0.0,0.8928571428571428,7.700892857142858,1.1160714285714286,3.90625,0.0,0.2232142857142857
moral,848,192,22.641509433962266,23.4375,0.0,llama-3.1-8b-instruct,60.15625,mixtral-8x7b-instruct-v0.1,20.535714285714285,26.339285714285715,76.45089285714286,0.11160714285714285,0.0,0.6696428571428571,13.169642857142858,0.8928571428571428,7.5892857142857135,0.0,1.1160714285714286
emotion,848,93,10.966981132075473,11.383928571428571,0.0,llama-3.1-8b-instruct,48.4375,mixtral-8x7b-instruct-v0.1,12.053571428571429,10.714285714285714,88.50446428571429,0.11160714285714285,0.0,0.0,2.1205357142857144,1.3392857142857142,7.700892857142858,0.0,0.2232142857142857
creativity,848,78,9.19811320754717,9.375,0.0,llama-3.1-8b-instruct,34.375,mixtral-8x7b-instruct-v0.1,11.830357142857142,6.919642857142858,90.625,0.0,0.0,0.2232142857142857,4.910714285714286,0.0,2.7901785714285716,0.0,1.4508928571428572
worth,848,99,11.674528301886793,12.723214285714285,0.0,qwen3-next-80b-a3b-instruct,43.75,mixtral-8x7b-instruct-v0.1,10.044642857142858,15.401785714285715,87.27678571428571,0.0,0.0,0.2232142857142857,3.459821428571429,0.5580357142857143,8.482142857142858,0.0,0.0
ALL,6784,932,13.73820754716981,14.718191964285715,0.09765625,llama-3.1-8b-instruct,48.828125,mixtral-8x7b-instruct-v0.1,14.84375,14.592633928571427,85.25390625,0.027901785714285712,0.0,0.25111607142857145,5.887276785714286,1.1858258928571428,6.654575892857142,0.0,0.7393973214285714
