level,n_pairs,r,sign_agreement_pct,mean_abs_diff,spearman_brown
repeats: even vs odd half,56.0,0.9829642176486766,87.5,0.024992618575207865,0.9914089310338016
templates: 0 vs 1,51.0,0.528134308983762,66.66666666666666,0.16457263460939933,
templates: 0 vs 2,52.0,0.7253635022566198,71.15384615384616,0.13503414987789988,
templates: 0 vs 3,49.0,0.3416018239985547,48.97959183673469,0.22253806284418529,
templates: 1 vs 2,53.0,0.5612273978023028,54.71698113207547,0.1677803983228512,
templates: 1 vs 3,50.0,0.5417262084856082,60.0,0.16919146825396825,
templates: 2 vs 3,50.0,0.46592728897906266,60.0,0.20457242063492065,
templates: mean of the pairs,50.833333333333336,0.5273300884176516,60.252847631553834,0.17728152242387077,
languages: en vs zh,49.0,0.5566244336419618,57.14285714285714,0.17806932296728215,
