spec,dimension,expected_sign,G,mean,sd,se,ci_lo,ci_hi,t,df,p_t,d_z,k_same_sign,scale_points,p_signflip,p_wild_webb,matches_prediction,p_t_BH,p_signflip_BH,p_wild_webb_BH
family_level,productivity,1.0,6,0.09915157903439153,0.08737237034568114,0.03566962082739985,0.007459899651442711,0.19084325841734034,2.7797205783086882,5,0.03891494648529056,1.1348161740617426,5,0.5949094742063492,0.0625,0.04089506172839506,True,0.06226391437646489,0.1,0.0654320987654321
family_level,decision,1.0,6,0.003168402777777777,0.10966611103187325,0.04477100235058245,-0.11191912262786022,0.11825592818341576,0.07076908292039964,5,0.946324918398729,0.028891357119948526,3,0.01901041666666666,0.96875,0.9467163923182441,True,0.946324918398729,0.96875,0.9467163923182441
family_level,trust,-1.0,6,-0.008101851851851855,0.10499477928917962,0.0428639391524382,-0.11828711524092973,0.10208341153722601,-0.1890132361153047,5,0.8575152509538321,-0.07716433051911566,3,-0.04861111111111113,0.84375,0.8522805212620027,True,0.946324918398729,0.9642857142857143,0.9467163923182441
family_level,reliability,1.0,6,0.036235119047619044,0.15365927604632063,0.06273113675982522,-0.1250204016360052,0.19749063973124326,0.577625736105344,5,0.5885521389668142,0.23581471929293718,3,0.21741071428571426,0.625,0.5928497942386831,True,0.7847361852890856,0.8333333333333334,0.7904663923182441
family_level,moral,-1.0,6,-0.020269097222222216,0.0174550388388221,0.007125989765929456,-0.03858703707545075,-0.0019511573689936813,-2.8443904479251634,5,0.036060177903127016,-1.1612175377771896,5,-0.1216145833333333,0.0625,0.022890946502057613,True,0.06226391437646489,0.1,0.061042524005486966
family_level,emotion,-1.0,6,-0.1941592261904762,0.15196632104830915,0.06203999077605478,-0.35363809956244713,-0.03468035281850529,-3.129581802991092,5,0.025969689820498108,-1.2776464209379275,5,-1.1649553571428573,0.0625,0.04020919067215364,True,0.06226391437646489,0.1,0.0654320987654321
family_level,creativity,1.0,6,-0.3072131283068783,0.06159621963848996,0.025146551366450155,-0.3718543964783706,-0.242571860135386,-12.21690894429181,5,6.498537239196128e-05,-4.987532191259809,6,-1.8432787698412698,0.03125,0.0027434842249657062,False,0.0005198829791356902,0.1,0.02194787379972565
family_level,worth,-1.0,6,-0.34279720568783073,0.20927369653008945,0.0854356288474623,-0.5624164813192832,-0.12317793005637823,-4.012344853221185,5,0.010197799886273555,-1.6380329270790284,6,-2.0567832341269843,0.03125,0.013288751714677641,True,0.04079119954509422,0.1,0.053155006858710566
family_level,H1_overall,,6,-0.09174817604993385,0.038018466269337414,0.01552097386051504,-0.13164610952715985,-0.051850242572707844,-5.911238358782296,5,0.001973267680663845,-2.413252954497284,6,-0.5504890562996031,0.03125,0.009259259259259259,,,,
