spec,dimension,G,mean,ci_lo,ci_hi,p_t,k_same_sign
without family Gemma,productivity,6,0.1367311507936508,0.060431761519905675,0.21303054006739594,0.005805606047603605,6
without family Gemma,decision,6,0.05081845238095239,-0.056338952348477446,0.15797585711038223,0.2771850958282621,4
without family Gemma,trust,6,0.019965277777777773,-0.0905693966408204,0.13049995219637595,0.661940610714396,4
without family Gemma,reliability,6,0.049503968253968245,-0.11499159739320636,0.21399953390114285,0.47413498918615016,4
without family Gemma,moral,6,-0.02135416666666666,-0.03912540511247223,-0.003582928220861089,0.02719501480540418,5
without family Gemma,emotion,6,-0.17413194444444446,-0.3559247291238429,0.007660840234953975,0.057070229168137886,4
without family Gemma,creativity,6,-0.29303488756613755,-0.3651101535672937,-0.2209596215649814,0.00013829199637419308,6
without family Gemma,worth,6,-0.3516410383597883,-0.6008660190158474,-0.10241605770372927,0.015109129503545007,6
without family Gemma,H1_overall,6,-0.07289289847883598,-0.1111692287382545,-0.03461656821941747,0.004492466222357143,6
without family Llama,productivity,4,0.06926773313492063,-0.07270694587719412,0.21124241214703537,0.21831319099077465,3
without family Llama,decision,4,-0.006206597222222233,-0.14759250934708604,0.1351793149026416,0.8977457630476482,2
without family Llama,trust,4,-0.010850694444444454,-0.19911431249438213,0.17741292360549324,0.8661632984429044,2
without family Llama,reliability,4,-0.029241071428571436,-0.22802316165403383,0.16954101879689096,0.6715962334429963,3
without family Llama,moral,4,-0.015755208333333326,-0.04440998293216211,0.01289956626549546,0.17846155752253529,3
without family Llama,emotion,4,-0.224702380952381,-0.5213621244977777,0.07195736259301577,0.09497298665032557,3
without family Llama,creativity,4,-0.312468998015873,-0.43121695979485286,-0.1937210362368932,0.0035709844113723478,4
without family Llama,worth,4,-0.33348214285714284,-0.7623426230053212,0.09537833729103545,0.0896921762118525,4
without family Llama,H1_overall,4,-0.10792992001488096,-0.15714880485285743,-0.05871103517690449,0.0060388048181133636,4
without family Mistral,productivity,6,0.12486772486772486,0.027045403290723177,0.22269004644472656,0.021923440423533457,5
without family Mistral,decision,6,0.020312499999999997,-0.11208882027218016,0.15271382027218017,0.7095680095670421,3
without family Mistral,trust,6,0.025752314814814808,-0.07535068180098792,0.12685531143061754,0.5415401098002149,4
without family Mistral,reliability,6,0.07876984126984127,-0.04116814794706243,0.19870783048674495,0.1521660079766255,4
without family Mistral,moral,6,-0.02127149470899471,-0.03910807776364661,-0.0034349116543428045,0.027922801377507835,5
without family Mistral,emotion,6,-0.22410714285714287,-0.36679088954707567,-0.08142339616721006,0.009947232585218482,5
without family Mistral,creativity,6,-0.2950603505291005,-0.36898990237006496,-0.22113079868813607,0.00015116837624990938,6
without family Mistral,worth,6,-0.3775090939153439,-0.6081067295779506,-0.14691145825273713,0.008422205621750748,6
without family Mistral,H1_overall,6,-0.08353071263227513,-0.13379455413988703,-0.03326687112466323,0.00792434265171795,6
without family Phi,productivity,6,0.12194733796296296,0.021486716458562413,0.22240795946736353,0.026240873641772598,5
without family Phi,decision,6,0.03040261243386243,-0.1016412329092969,0.16244645777702177,0.5796861290307997,4
without family Phi,trust,6,-0.002025462962962965,-0.12098784959030784,0.11693692366438191,0.9667842863524961,3
without family Phi,reliability,6,0.0533110119047619,-0.1088826319296459,0.2155046557391697,0.43670826836384624,4
without family Phi,moral,6,-0.01614169973544973,-0.030809952373902303,-0.0014734470969971596,0.036726474377146295,5
without family Phi,emotion,6,-0.15987103174603176,-0.3277854636815434,0.008043400189479882,0.05811866579005283,4
without family Phi,creativity,6,-0.3179398148148148,-0.374969834411587,-0.26090979521804264,2.982260535857944e-05,6
without family Phi,worth,6,-0.37940641534391534,-0.6075124681789277,-0.15130036250890305,0.007896357136165,6
without family Phi,H1_overall,6,-0.0837154327876984,-0.13397863875674193,-0.03345222681865486,0.007852967060567416,6
without family Qwen,productivity,6,0.1009961970899471,0.0049829591914856974,0.1970094349884085,0.04258053514009192,5
without family Qwen,decision,6,0.01857638888888889,-0.11316743744768436,0.15032021522546213,0.7318236600619704,3
without family Qwen,trust,6,-0.01678240740740741,-0.11892576325082574,0.08536094843601091,0.6903140257101935,3
without family Qwen,reliability,6,0.027988591269841268,-0.13408731115589417,0.1900644936955767,0.6756606784306273,3
without family Qwen,moral,6,-0.023090277777777776,-0.038509206352300485,-0.007671349203255065,0.012007002502895464,6
without family Qwen,emotion,6,-0.15726686507936508,-0.32128725870924657,0.006753528550516447,0.056896533895944824,4
without family Qwen,creativity,6,-0.2915881283068783,-0.3619798160902977,-0.2211964405234589,0.0001263914631545886,6
without family Qwen,worth,6,-0.28332506613756614,-0.44516934083241944,-0.12148079144271287,0.0063991345100107375,6
without family Qwen,H1_overall,6,-0.07806144593253968,-0.12541409920185048,-0.03070879266322888,0.00818811641748135,6
