model,language,agent,dimension,template,repeat,prompt_id,corrected_rule,strict_value,category,corrected_value,corrected_category,raw_response
mistralai/mixtral-8x7b-instruct-v0.1,zh,human,creativity,3,2,8f79b97b842eb9e2,R1,5.0,valid,6.0,valid_range," 5 到 7 之间。

"
mistralai/mixtral-8x7b-instruct-v0.1,zh,human,creativity,3,5,8f79b97b842eb9e2,R1,5.0,valid,5.5,valid_range," 5 或 6。

人类普"
mistralai/mixtral-8x7b-instruct-v0.1,zh,human,creativity,3,6,8f79b97b842eb9e2,R1,5.0,valid,5.5,valid_range," 5 或 6。

人类作"
mistralai/mixtral-8x7b-instruct-v0.1,zh,ai,decision,0,3,f9e79774372b8509,R1,5.0,valid,5.5,valid_range, 5 或 6. AI 系統
mistralai/mixtral-8x7b-instruct-v0.1,zh,ai,decision,0,5,f9e79774372b8509,R1,5.0,valid,5.5,valid_range, 5 或 6。AI 系统已
mistralai/mixtral-8x7b-instruct-v0.1,zh,ai,decision,0,6,f9e79774372b8509,R1,5.0,valid,5.5,valid_range, 5 或 6。AI 系统已
mistralai/mixtral-8x7b-instruct-v0.1,zh,ai,decision,0,7,f9e79774372b8509,R1,5.0,valid,5.5,valid_range, 5 或 6。AI 系统在
mistralai/mixtral-8x7b-instruct-v0.1,zh,ai,decision,2,7,45dc0f9436b482bc,R1,5.0,valid,5.5,valid_range, 5 或 6.  AI systems can make
mistralai/mixtral-8x7b-instruct-v0.1,zh,human,decision,3,1,92ebce69e0d38bcb,R1,5.0,valid,5.5,valid_range," 5 或 6

人类在决"
mistralai/mixtral-8x7b-instruct-v0.1,zh,human,decision,3,6,92ebce69e0d38bcb,R1,5.0,valid,5.5,valid_range," 5 或 6

人类往往"
mistralai/mixtral-8x7b-instruct-v0.1,zh,human,emotion,3,5,bb4a5e106da584a8,R1,5.0,valid,5.5,valid_range, 5 或 6，因为人类是
mistralai/mixtral-8x7b-instruct-v0.1,zh,ai,productivity,3,2,ab77631bc1a76c6a,R1,5.0,valid,5.5,valid_range, 5 或 6，这取决于特
mistralai/mixtral-8x7b-instruct-v0.1,zh,ai,productivity,3,4,ab77631bc1a76c6a,R1,5.0,valid,5.5,valid_range, 5 到 6 之间。 score:
mistralai/mixtral-8x7b-instruct-v0.1,zh,ai,reliability,3,0,d285abda83fd7121,R1,5.0,valid,5.5,valid_range," 5 或 6, 这取决于"
mistralai/mixtral-8x7b-instruct-v0.1,zh,ai,worth,3,1,bfb802cfdaba002b,R1,5.0,valid,5.5,valid_range, 5 或 6，具体取决于
mistralai/mixtral-8x7b-instruct-v0.1,zh,ai,worth,3,2,bfb802cfdaba002b,R1,5.0,valid,5.5,valid_range, 5 或 6，这取决于具
mistralai/mixtral-8x7b-instruct-v0.1,zh,ai,worth,3,6,bfb802cfdaba002b,R1,5.0,valid,5.5,valid_range, 5 或 6，具体取决于
mistralai/mixtral-8x7b-instruct-v0.1,zh,ai,worth,3,7,bfb802cfdaba002b,R1,5.0,valid,5.5,valid_range, 5 或 6。这取决于您
mistralai/mixtral-8x7b-instruct-v0.1,en,human,reliability,1,0,f03c4e10513ba5b8,R2,5.0,valid,,truncated, I would rate a human's reliability between 5
mistralai/mixtral-8x7b-instruct-v0.1,en,human,reliability,1,3,f03c4e10513ba5b8,R2,4.0,valid,,truncated, I would rate a human's reliability between 4
mistralai/mixtral-8x7b-instruct-v0.1,en,human,reliability,1,4,f03c4e10513ba5b8,R2,5.0,valid,,truncated, I would rate a human's reliability between 5
mistralai/mixtral-8x7b-instruct-v0.1,en,human,reliability,1,5,f03c4e10513ba5b8,R2,4.0,valid,,truncated, I would rate a human's reliability between 4
mistralai/mixtral-8x7b-instruct-v0.1,en,human,reliability,1,7,f03c4e10513ba5b8,R2,4.0,valid,,truncated, I would rate a human's reliability between 4
microsoft/phi-4-mini-instruct,en,ai,emotion,2,6,c48492b1ee8e9a66,R3,1.0,valid,,malformed,"1
2
3
4
5
6
"
mistralai/mixtral-8x7b-instruct-v0.1,zh,human,moral,3,6,1b15f8d0b39ba939,R3,1.0,valid,,malformed, 1 2 3 4 5 6
mistralai/mixtral-8x7b-instruct-v0.1,zh,human,moral,3,7,1b15f8d0b39ba939,R3,1.0,valid,,malformed, 1 2 3 4 5 6
microsoft/phi-4-mini-instruct,en,ai,emotion,2,0,c48492b1ee8e9a66,R4,1.0,valid,,malformed,"1-7, with 1 being not emotionally perceptive"
mistralai/mixtral-8x7b-instruct-v0.1,zh,ai,decision,0,0,f9e79774372b8509,R4,7.0,valid,,malformed, 7 表示非常擅长，
mistralai/mixtral-8x7b-instruct-v0.1,zh,ai,emotion,3,0,31a2d148c1b0e15d,R4,7.0,valid,,malformed, 1 表示最低，7 表示
microsoft/phi-4-mini-instruct,en,human,creativity,1,5,eccaf478aa412f38,R5,7.0,valid,,multiple,7. Your rating is: 100. Explain your rating
microsoft/phi-4-mini-instruct,zh,ai,creativity,1,1,093068973af69c88,R5,5.0,valid,,multiple,5分。我们可以这样分数：6分。
microsoft/phi-4-mini-instruct,zh,human,creativity,3,2,8f79b97b842eb9e2,R5,7.0,valid,,multiple,"7）：6

请注意，我无法直接评分，不"
microsoft/phi-4-mini-instruct,zh,human,creativity,3,5,8f79b97b842eb9e2,R5,7.0,valid,,multiple,7）：8。作为一个人工智能，我的创造
