dimension,primary,legacy parser (as submitted),language en,language zh,template 0,template 1,template 2,template 3,excluding high-missingness models,cells with >= 50% valid on both sides,impute invalid: referent-neutral mean,impute invalid: 4,"bound: invalid AI=1, human=7","bound: invalid AI=7, human=1"
productivity,+0.114* (6/7),+0.114* (6/7),+0.184* (6/6),+0.070 (4/7),+0.114 (4/7),+0.144 (5/7),+0.142 (5/7),+0.050 (3/6),+0.127 (4/5),+0.116* (6/7),+0.103* (6/7),+0.104* (5/7),-0.041 (3/7),+0.249* (7/7)
decision,+0.025 (4/7),+0.024 (4/7),+0.011 (3/6),+0.046 (4/7),-0.023 (3/6),+0.024 (2/7),+0.007 (4/7),+0.132* (5/6),+0.047 (3/5),+0.025 (4/7),+0.037 (4/7),+0.032 (3/7),-0.121 (4/7),+0.185 (6/7)
trust,+0.004 (4/7),+0.004 (4/7),+0.003 (2/6),+0.025 (4/7),+0.013 (3/6),+0.031 (5/7),+0.031 (2/6),-0.021 (2/6),+0.048 (4/5),+0.004 (4/7),+0.018 (5/7),+0.031 (5/7),-0.141 (4/7),+0.202 (6/7)
reliability,+0.041 (4/7),-0.010 (3/7),+0.051 (3/6),+0.030 (4/7),+0.209 (4/6),+0.044 (4/7),+0.057 (3/6),-0.014 (3/7),+0.041 (3/5),+0.041 (4/7),+0.054 (4/7),+0.037 (4/7),-0.101 (3/7),+0.176* (7/7)
moral,-0.020* (6/7),-0.033 (6/7),-0.039 (3/6),-0.010 (4/7),-0.116 (3/6),+0.152 (4/7),-0.125 (3/7),+0.006 (2/6),-0.017 (4/5),-0.058 (6/7),-0.025 (5/7),-0.029 (4/7),-0.263* (7/7),+0.205 (5/7)
emotion,-0.185* (5/7),-0.194* (6/7),-0.435* (6/6),+0.004 (4/7),-0.208* (6/7),-0.222* (5/7),-0.223* (6/7),-0.070 (5/7),-0.242* (4/5),-0.185* (5/7),-0.188* (5/7),-0.196* (6/7),-0.310* (6/7),-0.082 (5/7)
creativity,-0.301* (7/7),-0.301* (7/7),-0.288* (7/7),-0.311* (7/7),-0.329* (7/7),-0.285* (6/6),-0.418* (7/7),-0.071 (4/6),-0.289* (5/5),-0.301* (7/7),-0.266* (7/7),-0.280* (7/7),-0.373* (7/7),-0.186* (6/7)
worth,-0.346* (7/7),-0.345* (7/7),-0.458* (6/6),-0.259* (7/7),-0.447* (6/7),-0.376* (7/7),-0.383* (7/7),-0.178 (5/7),-0.381* (5/5),-0.346* (7/7),-0.309* (7/7),-0.315* (7/7),-0.443* (7/7),-0.188 (5/7)
H1_overall,-0.084* (7/7),-0.092* (7/7),-0.151* (7/7),-0.051 (5/7),-0.101* (6/7),-0.056* (6/7),-0.120* (7/7),-0.028 (4/7),-0.083* (5/5),-0.088* (7/7),-0.072* (7/7),-0.077* (7/7),-0.224* (7/7),+0.070 (2/7)
