model,category,budget_hit,n
qwen/qwen3-next-80b-a3b-instruct,malformed,below_budget,2
qwen/qwen3-next-80b-a3b-instruct,out_of_range,below_budget,6
qwen/qwen3-next-80b-a3b-instruct,valid,below_budget,1016
google/gemma-2-2b-it,hedge,at_12,18
google/gemma-2-2b-it,malformed,at_12,8
google/gemma-2-2b-it,refusal,at_12,90
google/gemma-2-2b-it,truncated,at_12,16
google/gemma-2-2b-it,valid,below_budget,892
microsoft/phi-4-mini-instruct,hedge,at_12,6
microsoft/phi-4-mini-instruct,out_of_range,at_12,1
microsoft/phi-4-mini-instruct,out_of_range,below_budget,1
microsoft/phi-4-mini-instruct,refusal,at_12,50
microsoft/phi-4-mini-instruct,refusal,below_budget,5
microsoft/phi-4-mini-instruct,truncated,at_12,21
microsoft/phi-4-mini-instruct,valid,at_12,128
microsoft/phi-4-mini-instruct,valid,below_budget,811
microsoft/phi-4-mini-instruct,valid_range,below_budget,1
nvidia/nemotron-mini-4b-instruct,hedge,at_12,25
nvidia/nemotron-mini-4b-instruct,malformed,at_12,20
nvidia/nemotron-mini-4b-instruct,refusal,at_12,45
nvidia/nemotron-mini-4b-instruct,truncated,at_12,115
nvidia/nemotron-mini-4b-instruct,valid,below_budget,435
