checked_utc,url,server_utc,local_utc,skew_s,error
2026-09-28T15:37:02+00:00,https://www.aliyun.com,2026-09-28T15:37:01+00:00,2026-09-28T15:37:01+00:00,0.9,
2026-09-28T15:37:02+00:00,https://www.baidu.com,2026-09-28T15:37:01+00:00,2026-09-28T15:37:01+00:00,1.0,
2026-09-28T15:39:17+00:00,https://www.aliyun.com,2026-09-28T15:39:16+00:00,2026-09-28T15:39:16+00:00,1.0,
2026-09-28T15:39:17+00:00,https://www.baidu.com,2026-09-28T15:39:17+00:00,2026-09-28T15:39:17+00:00,0.0,
2026-09-28T15:41:55+00:00,https://www.aliyun.com,2026-09-28T15:41:55+00:00,2026-09-28T15:41:55+00:00,0.5,
2026-09-28T15:41:55+00:00,https://www.baidu.com,2026-09-28T15:41:55+00:00,2026-09-28T15:41:55+00:00,0.6,
2026-09-28T15:44:39+00:00,https://www.aliyun.com,2026-09-28T15:44:39+00:00,2026-09-28T15:44:39+00:00,0.2,
2026-09-28T15:44:39+00:00,https://www.baidu.com,2026-09-28T15:44:39+00:00,2026-09-28T15:44:39+00:00,0.3,
2026-09-28T15:48:07+00:00,https://www.aliyun.com,2026-09-28T15:48:07+00:00,2026-09-28T15:48:07+00:00,0.5,
2026-09-28T15:48:07+00:00,https://www.baidu.com,2026-09-28T15:48:07+00:00,2026-09-28T15:48:07+00:00,0.6,
2026-09-28T15:59:41+00:00,https://www.aliyun.com,2026-09-28T15:59:41+00:00,2026-09-28T15:59:41+00:00,0.7,
2026-09-28T15:59:41+00:00,https://www.baidu.com,2026-09-28T15:59:41+00:00,2026-09-28T15:59:41+00:00,0.8,
2026-09-28T16:21:03+00:00,https://www.aliyun.com,2026-09-28T16:21:02+00:00,2026-09-28T16:21:00+00:00,-2.0,
2026-09-28T16:21:03+00:00,https://www.baidu.com,2026-09-28T16:21:03+00:00,2026-09-28T16:21:02+00:00,-0.3,
2026-09-28T16:58:21+00:00,https://www.aliyun.com,2026-09-28T16:58:21+00:00,2026-09-28T16:58:21+00:00,0.8,
2026-09-28T16:58:21+00:00,https://www.baidu.com,2026-09-28T16:58:21+00:00,2026-09-28T16:58:21+00:00,0.9,
