model,language,dimension,z_ai_minus_human,rank_human,rank_ai,n_referents
google/gemma-2-2b-it,en,creativity,-1.2280858966202561,2.0,4.0,6
google/gemma-2-2b-it,en,decision,-0.992147855885078,2.0,4.0,6
google/gemma-2-2b-it,en,emotion,-1.656492267100925,3.0,4.0,6
google/gemma-2-2b-it,en,moral,-1.7427986976267906,2.0,5.0,6
google/gemma-2-2b-it,en,productivity,0.010459578859738583,4.0,3.0,6
google/gemma-2-2b-it,en,reliability,-0.372749481473299,4.0,6.0,6
google/gemma-2-2b-it,en,trust,-0.5486928557591441,4.0,6.0,6
google/gemma-2-2b-it,en,worth,-0.8852821968229754,4.0,5.0,6
google/gemma-2-2b-it,zh,creativity,-1.3131994768802797,2.0,3.0,6
google/gemma-2-2b-it,zh,decision,-0.021873769550833908,2.0,3.0,6
google/gemma-2-2b-it,zh,emotion,1.3631020863450416,3.0,1.0,6
google/gemma-2-2b-it,zh,moral,-2.4139176559288704,1.0,6.0,6
google/gemma-2-2b-it,zh,productivity,0.0708413082162514,5.0,4.0,6
google/gemma-2-2b-it,zh,reliability,0.9407416528137617,6.0,4.0,6
google/gemma-2-2b-it,zh,trust,-0.5680365667170476,5.0,6.0,6
google/gemma-2-2b-it,zh,worth,-2.6260241667781594,3.0,6.0,6
meta/llama-3.1-8b-instruct,en,creativity,-1.0132992253720996,2.0,4.0,6
meta/llama-3.1-8b-instruct,en,decision,0.6835169242415182,3.5,2.0,6
meta/llama-3.1-8b-instruct,en,emotion,-0.4833956967064565,3.0,4.0,6
meta/llama-3.1-8b-instruct,en,moral,-0.28097574347450816,4.0,5.0,6
meta/llama-3.1-8b-instruct,en,productivity,2.2529298621467704,5.0,1.0,6
meta/llama-3.1-8b-instruct,en,reliability,0.37710085677411986,5.0,4.0,6
meta/llama-3.1-8b-instruct,en,trust,-0.07436277148357884,4.0,5.0,6
meta/llama-3.1-8b-instruct,en,worth,-1.3071910027349578,3.0,5.0,6
meta/llama-3.1-8b-instruct,zh,creativity,-1.639563865030433,1.0,4.0,6
meta/llama-3.1-8b-instruct,zh,decision,1.1454108109009347,4.0,2.0,6
meta/llama-3.1-8b-instruct,zh,emotion,0.9850800452285529,6.0,4.0,6
meta/llama-3.1-8b-instruct,zh,moral,-0.24100246923444613,2.0,3.5,6
meta/llama-3.1-8b-instruct,zh,productivity,0.7453559924999298,6.0,3.0,6
meta/llama-3.1-8b-instruct,zh,reliability,0.5041304858567951,5.0,3.0,6
meta/llama-3.1-8b-instruct,zh,trust,0.46394680381623543,4.5,3.0,6
meta/llama-3.1-8b-instruct,zh,worth,-0.9040975011228511,3.0,4.0,6
meta/llama-3.3-70b-instruct,en,creativity,-0.9209672510685587,1.5,3.0,6
meta/llama-3.3-70b-instruct,en,decision,0.5857470966371643,4.0,2.0,6
meta/llama-3.3-70b-instruct,en,emotion,-1.6356805499349951,2.5,4.0,6
meta/llama-3.3-70b-instruct,en,moral,0.0,4.5,4.5,6
meta/llama-3.3-70b-instruct,en,productivity,1.350748522079313,5.0,2.5,6
meta/llama-3.3-70b-instruct,en,reliability,1.0459527207369814,6.0,4.0,6
meta/llama-3.3-70b-instruct,en,trust,0.0,4.5,4.5,6
meta/llama-3.3-70b-instruct,en,worth,-1.7173002067198384,1.5,4.0,6
meta/llama-3.3-70b-instruct,zh,creativity,-1.0145248472187862,1.5,4.0,6
meta/llama-3.3-70b-instruct,zh,decision,1.0332536100501584,4.0,2.0,6
meta/llama-3.3-70b-instruct,zh,emotion,-0.32751341326023115,3.0,5.0,6
meta/llama-3.3-70b-instruct,zh,moral,0.21887026206583307,5.0,4.0,6
meta/llama-3.3-70b-instruct,zh,productivity,2.155197914062764,6.0,3.0,6
meta/llama-3.3-70b-instruct,zh,reliability,2.168728556434437,6.0,5.0,6
meta/llama-3.3-70b-instruct,zh,trust,1.875787395250575,6.0,4.0,6
meta/llama-3.3-70b-instruct,zh,worth,-2.319352962142761,1.5,6.0,6
microsoft/phi-4-mini-instruct,en,creativity,-1.068412531946961,1.0,3.0,6
microsoft/phi-4-mini-instruct,en,decision,-0.2209365157180817,2.0,3.0,6
microsoft/phi-4-mini-instruct,en,emotion,-1.8865248097699765,2.0,5.0,6
microsoft/phi-4-mini-instruct,en,moral,-1.4692349541570144,1.0,4.0,6
microsoft/phi-4-mini-instruct,en,productivity,2.005997047820371,5.0,2.0,6
microsoft/phi-4-mini-instruct,en,reliability,-0.07582375453167864,4.0,5.0,6
microsoft/phi-4-mini-instruct,en,trust,0.5095451594677189,5.0,2.0,6
microsoft/phi-4-mini-instruct,en,worth,-1.0451727817375633,2.0,4.0,6
microsoft/phi-4-mini-instruct,zh,creativity,-2.729548286066711,2.0,6.0,6
microsoft/phi-4-mini-instruct,zh,decision,0.0,3.5,3.5,6
microsoft/phi-4-mini-instruct,zh,emotion,0.19762031616881912,4.0,2.0,6
microsoft/phi-4-mini-instruct,zh,moral,-1.810348328449009,2.0,6.0,6
microsoft/phi-4-mini-instruct,zh,productivity,0.2141747627982118,3.0,2.0,6
microsoft/phi-4-mini-instruct,zh,reliability,-0.09487317039641675,3.0,4.0,6
microsoft/phi-4-mini-instruct,zh,trust,0.6420538301646423,4.0,3.0,6
microsoft/phi-4-mini-instruct,zh,worth,-1.8156825980064073,3.0,5.0,6
mistralai/mixtral-8x7b-instruct-v0.1,en,creativity,-1.675228437293075,2.0,4.0,6
mistralai/mixtral-8x7b-instruct-v0.1,en,decision,0.040806508014410325,3.5,2.0,6
mistralai/mixtral-8x7b-instruct-v0.1,en,emotion,-1.9594642290931699,1.5,4.0,6
mistralai/mixtral-8x7b-instruct-v0.1,en,productivity,0.714394818771636,4.0,1.0,5
mistralai/mixtral-8x7b-instruct-v0.1,en,reliability,-0.19045795652325692,4.0,5.0,5
mistralai/mixtral-8x7b-instruct-v0.1,en,worth,-1.0778838670089237,1.5,5.0,6
mistralai/mixtral-8x7b-instruct-v0.1,zh,creativity,-0.8011100564985187,2.0,4.0,6
mistralai/mixtral-8x7b-instruct-v0.1,zh,decision,0.23611109206188152,4.0,2.0,6
mistralai/mixtral-8x7b-instruct-v0.1,zh,emotion,-0.011967501544091319,3.0,4.0,6
mistralai/mixtral-8x7b-instruct-v0.1,zh,moral,-0.611482885025687,1.0,4.0,6
mistralai/mixtral-8x7b-instruct-v0.1,zh,productivity,0.9734860305756907,4.0,3.0,6
mistralai/mixtral-8x7b-instruct-v0.1,zh,reliability,1.3361084184956988,6.0,4.0,6
mistralai/mixtral-8x7b-instruct-v0.1,zh,trust,-1.9387699814963661,3.0,6.0,6
mistralai/mixtral-8x7b-instruct-v0.1,zh,worth,-1.9193471539697637,1.0,4.0,6
nvidia/nemotron-mini-4b-instruct,en,creativity,-1.5551284535734304,2.0,3.0,6
nvidia/nemotron-mini-4b-instruct,en,decision,-0.28232919032284587,2.0,4.0,6
nvidia/nemotron-mini-4b-instruct,en,emotion,-1.3556287843889203,3.0,4.0,6
nvidia/nemotron-mini-4b-instruct,en,moral,-0.4414408445702983,3.0,4.0,6
nvidia/nemotron-mini-4b-instruct,en,productivity,0.4493743624692515,3.5,2.0,6
nvidia/nemotron-mini-4b-instruct,en,reliability,1.7045480996899545,6.0,4.0,6
nvidia/nemotron-mini-4b-instruct,en,trust,-0.2185254452461039,4.0,5.0,6
nvidia/nemotron-mini-4b-instruct,en,worth,-1.8439453272762574,1.0,5.0,6
nvidia/nemotron-mini-4b-instruct,zh,creativity,-1.0784722960969089,3.0,5.0,6
nvidia/nemotron-mini-4b-instruct,zh,decision,-0.21737688037918412,4.0,5.0,6
nvidia/nemotron-mini-4b-instruct,zh,emotion,-0.06116826363245417,3.0,4.0,6
nvidia/nemotron-mini-4b-instruct,zh,moral,-1.4108815633109966,2.0,5.0,6
nvidia/nemotron-mini-4b-instruct,zh,productivity,0.6143146364432597,5.0,4.0,6
nvidia/nemotron-mini-4b-instruct,zh,reliability,1.2131550617445934,6.0,5.0,6
nvidia/nemotron-mini-4b-instruct,zh,trust,0.5455007571868297,6.0,3.5,6
nvidia/nemotron-mini-4b-instruct,zh,worth,-2.5770472663328063,1.0,4.0,6
qwen/qwen3-next-80b-a3b-instruct,en,creativity,-1.0404372275100122,2.0,3.0,6
qwen/qwen3-next-80b-a3b-instruct,en,decision,0.4137111236350002,3.0,2.0,6
qwen/qwen3-next-80b-a3b-instruct,en,emotion,-1.7380963785069632,2.0,4.0,6
qwen/qwen3-next-80b-a3b-instruct,en,moral,-0.33244792048152544,2.0,3.0,6
qwen/qwen3-next-80b-a3b-instruct,en,productivity,0.7557385596797044,3.0,2.0,6
qwen/qwen3-next-80b-a3b-instruct,en,reliability,0.5516672904852402,5.0,4.0,6
qwen/qwen3-next-80b-a3b-instruct,en,trust,0.0,4.5,4.5,6
qwen/qwen3-next-80b-a3b-instruct,en,worth,-2.30252685406934,2.0,6.0,6
qwen/qwen3-next-80b-a3b-instruct,zh,creativity,-1.2895298441031322,1.5,4.0,6
qwen/qwen3-next-80b-a3b-instruct,zh,decision,0.1847904170174538,4.0,3.0,6
qwen/qwen3-next-80b-a3b-instruct,zh,emotion,0.20388829980917542,5.0,4.0,6
qwen/qwen3-next-80b-a3b-instruct,zh,moral,0.4572325793274339,4.0,3.0,6
qwen/qwen3-next-80b-a3b-instruct,zh,productivity,1.4977728272793904,6.0,3.0,6
qwen/qwen3-next-80b-a3b-instruct,zh,reliability,1.1809627951322947,6.0,5.0,6
qwen/qwen3-next-80b-a3b-instruct,zh,trust,1.6078442725425168,6.0,5.0,6
qwen/qwen3-next-80b-a3b-instruct,zh,worth,-2.3872580155147594,1.5,6.0,6
