model,dimension,june_12_tokens,r1_150_tokens,r1_12_tokens
google/gemma-2-2b-it,creativity,-0.3506944444444444,-0.2847222222222222,-0.2986111111111111
google/gemma-2-2b-it,decision,-0.13095238095238096,-0.1171875,-0.1484375
google/gemma-2-2b-it,emotion,-0.25297619047619047,-0.25595238095238093,-0.2261904761904762
google/gemma-2-2b-it,moral,-0.010416666666666666,-0.2,-0.175
google/gemma-2-2b-it,productivity,-0.024305555555555552,-0.02976190476190476,-0.052083333333333336
google/gemma-2-2b-it,reliability,-0.011904761904761902,0.023809523809523805,0.02976190476190476
google/gemma-2-2b-it,trust,-0.09027777777777779,-0.10416666666666667,-0.06712962962962964
google/gemma-2-2b-it,worth,-0.31145833333333334,-0.22222222222222224,-0.24479166666666669
meta/llama-3.1-8b-instruct,creativity,-0.2109375,-0.203125,-0.234375
meta/llama-3.1-8b-instruct,decision,0.13802083333333334,0.1640625,0.15625
meta/llama-3.1-8b-instruct,emotion,0.002604166666666666,-3.469446951953614e-18,-0.06770833333333333
meta/llama-3.1-8b-instruct,moral,-0.018229166666666668,-0.036458333333333336,0.03645833333333333
meta/llama-3.1-8b-instruct,productivity,0.17317708333333334,0.14583333333333334,0.15104166666666666
meta/llama-3.1-8b-instruct,reliability,0.0078125,0.03645833333333333,0.010416666666666666
meta/llama-3.1-8b-instruct,trust,0.03125,0.005208333333333332,0.052083333333333336
meta/llama-3.1-8b-instruct,worth,-0.18563988095238093,-0.140625,-0.19444444444444442
meta/llama-3.3-70b-instruct,creativity,-0.3203125,-0.3125,-0.3177083333333333
meta/llama-3.3-70b-instruct,decision,0.171875,0.23958333333333331,0.203125
meta/llama-3.3-70b-instruct,emotion,-0.2682291666666667,-0.3020833333333333,-0.3125
meta/llama-3.3-70b-instruct,moral,-0.015625,0.020833333333333332,0.03125
meta/llama-3.3-70b-instruct,productivity,0.22916666666666666,0.24999999999999997,0.24479166666666666
meta/llama-3.3-70b-instruct,reliability,0.12760416666666666,0.19791666666666666,0.203125
meta/llama-3.3-70b-instruct,trust,0.125,0.11458333333333333,0.15104166666666666
meta/llama-3.3-70b-instruct,worth,-0.5434027777777778,-0.4895833333333333,-0.4947916666666667
microsoft/phi-4-mini-instruct,creativity,-0.20126488095238096,-0.15451388888888887,-0.24131944444444445
microsoft/phi-4-mini-instruct,decision,-0.008457341269841285,-0.019097222222222227,-0.041666666666666664
microsoft/phi-4-mini-instruct,emotion,-0.3385416666666667,-0.26128472222222227,-0.3038194444444445
microsoft/phi-4-mini-instruct,moral,-0.041691468253968245,-0.11904761904761905,-0.022569444444444427
microsoft/phi-4-mini-instruct,productivity,0.06439732142857144,0.16840277777777776,0.08854166666666666
microsoft/phi-4-mini-instruct,reliability,-0.034747023809523825,0.02256944444444444,0.015625
microsoft/phi-4-mini-instruct,trust,0.041666666666666664,0.005208333333333339,-0.06770833333333333
microsoft/phi-4-mini-instruct,worth,-0.14486607142857144,-0.09375,-0.10416666666666666
mistralai/mixtral-8x7b-instruct-v0.1,creativity,-0.3385416666666667,-0.38492063492063494,-0.2861111111111111
mistralai/mixtral-8x7b-instruct-v0.1,decision,0.05208333333333333,0.041666666666666664,0.08333333333333333
mistralai/mixtral-8x7b-instruct-v0.1,emotion,0.046875,-0.19722222222222224,-0.3645833333333333
mistralai/mixtral-8x7b-instruct-v0.1,moral,-0.010912698412698388,-0.11805555555555558,0.125
mistralai/mixtral-8x7b-instruct-v0.1,productivity,0.046875,0.09722222222222221,0.2916666666666667
mistralai/mixtral-8x7b-instruct-v0.1,reliability,-0.1875,0.13541666666666666,0.05555555555555555
mistralai/mixtral-8x7b-instruct-v0.1,trust,-0.125,-0.08333333333333333,0.0
mistralai/mixtral-8x7b-instruct-v0.1,worth,-0.15625,-0.2222222222222222,-0.3333333333333333
nvidia/nemotron-mini-4b-instruct,creativity,-0.3277777777777778,-0.2534722222222222,-0.2604166666666667
nvidia/nemotron-mini-4b-instruct,decision,-0.1111111111111111,0.005208333333333336,0.03769841269841269
nvidia/nemotron-mini-4b-instruct,emotion,-0.13333333333333333,-0.2092013888888889,-0.27976190476190477
nvidia/nemotron-mini-4b-instruct,moral,-0.041666666666666664,-0.053571428571428596,-0.0873015873015873
nvidia/nemotron-mini-4b-instruct,productivity,0.11666666666666665,0.14087301587301584,0.125
nvidia/nemotron-mini-4b-instruct,reliability,0.26666666666666666,0.21428571428571427,0.3240740740740741
nvidia/nemotron-mini-4b-instruct,trust,-0.08333333333333333,4.336808689942018e-18,-0.011904761904761899
nvidia/nemotron-mini-4b-instruct,worth,-0.35833333333333334,-0.32142857142857145,-0.16666666666666666
qwen/qwen3-next-80b-a3b-instruct,creativity,-0.359375,-0.4114583333333333,-0.4114583333333333
qwen/qwen3-next-80b-a3b-instruct,decision,0.06249999999999999,0.08333333333333333,0.06249999999999999
qwen/qwen3-next-80b-a3b-instruct,emotion,-0.3541666666666667,-0.3229166666666667,-0.3125
qwen/qwen3-next-80b-a3b-instruct,moral,0.0,0.01785714285714286,0.005952380952380959
qwen/qwen3-next-80b-a3b-instruct,productivity,0.19010416666666666,0.21875,0.1875
qwen/qwen3-next-80b-a3b-instruct,reliability,0.1171875,0.11979166666666666,0.109375
qwen/qwen3-next-80b-a3b-instruct,trust,0.13020833333333331,0.11458333333333333,0.11458333333333333
qwen/qwen3-next-80b-a3b-instruct,worth,-0.7213541666666666,-0.703125,-0.6875
