condition,dimension,mean,ci_lo,ci_hi,G,label
june,creativity,-0.3012719671201814,-0.3626592580475657,-0.23988467619279705,7,"June 2026, 12 tokens (same models)"
r1_isolated,creativity,-0.28638747165532885,-0.3720234242282988,-0.20075151908235891,7,"Revision round, 150 tokens, June wording"
june,decision,0.024851190476190468,-0.08224229306043272,0.13194467401281365,7,"June 2026, 12 tokens (same models)"
r1_isolated,decision,0.0567956349206349,-0.05298590894415249,0.16657717878542228,7,"Revision round, 150 tokens, June wording"
june,emotion,-0.18539540816326533,-0.3342208540489995,-0.036569962277531204,7,"June 2026, 12 tokens (same models)"
r1_isolated,emotion,-0.22123724489795918,-0.3206680113248426,-0.12180647847107579,7,"Revision round, 150 tokens, June wording"
june,moral,-0.019791666666666614,-0.03459091443561326,-0.004992418897719966,7,"June 2026, 12 tokens (same models)"
r1_isolated,moral,-0.06977749433106574,-0.1443210294665892,0.004766040804457736,7,"Revision round, 150 tokens, June wording"
june,productivity,0.11372590702947845,0.030439849501818092,0.19701196455713882,7,"June 2026, 12 tokens (same models)"
r1_isolated,productivity,0.14161706349206346,0.05738176568220563,0.2258523613019213,7,"Revision round, 150 tokens, June wording"
june,reliability,0.04073129251700679,-0.09333409826595464,0.17479668329996823,7,"June 2026, 12 tokens (same models)"
r1_isolated,reliability,0.10717828798185937,0.031880207469265176,0.18247636849445356,7,"Revision round, 150 tokens, June wording"
june,trust,0.00421626984126984,-0.09269927383135969,0.10113181351389937,7,"June 2026, 12 tokens (same models)"
r1_isolated,trust,0.007440476190476187,-0.07150667773783212,0.0863876301187845,7,"Revision round, 150 tokens, June wording"
june,worth,-0.34590065192743763,-0.5468920908818863,-0.14490921297298898,7,"June 2026, 12 tokens (same models)"
r1_isolated,worth,-0.3132794784580498,-0.5122519672885447,-0.1143069896275549,7,"Revision round, 150 tokens, June wording"
joint,creativity,-0.050595238095238,-0.2098135427585751,0.1086230665680989,7,"Revision round, both referents in one prompt"
joint,decision,0.0198412698412698,-0.0547292378027512,0.0944117774852909,7,"Revision round, both referents in one prompt"
joint,emotion,-0.6170634920634921,-0.7796873338030135,-0.4544396503239707,7,"Revision round, both referents in one prompt"
joint,moral,-0.5059523809523809,-0.7503868750726429,-0.2615178868321189,7,"Revision round, both referents in one prompt"
joint,productivity,0.2192460317460317,-0.0178044888714213,0.4562965523634847,7,"Revision round, both referents in one prompt"
joint,reliability,-0.0446428571428571,-0.1999327866572376,0.1106470723715233,7,"Revision round, both referents in one prompt"
joint,trust,-0.2787698412698413,-0.4338192563818113,-0.1237204261578712,7,"Revision round, both referents in one prompt"
joint,worth,-0.4394841269841269,-0.7264865006399281,-0.1524817533283257,7,"Revision round, both referents in one prompt"
zh_humankind,creativity,-0.2782738095238095,-0.3566364420419379,-0.1999111770056811,7,"Revision round, Chinese only, human = 'humans' (as in June)"
zh_humankind,decision,0.089781746031746,-0.0236580575935285,0.2032215496570206,7,"Revision round, Chinese only, human = 'humans' (as in June)"
zh_humankind,emotion,0.019345238095238,-0.0387499739495693,0.0774404501400455,7,"Revision round, Chinese only, human = 'humans' (as in June)"
zh_humankind,moral,-0.0446428571428571,-0.1481106956832835,0.0588249813975692,7,"Revision round, Chinese only, human = 'humans' (as in June)"
zh_humankind,productivity,0.0734126984126984,-0.0392632030899671,0.1860885999153639,7,"Revision round, Chinese only, human = 'humans' (as in June)"
zh_humankind,reliability,0.1011904761904761,0.0219120192068501,0.1804689331741022,7,"Revision round, Chinese only, human = 'humans' (as in June)"
zh_humankind,trust,0.0575396825396825,-0.0672166350552682,0.1822960001346333,7,"Revision round, Chinese only, human = 'humans' (as in June)"
zh_humankind,worth,-0.2149470899470899,-0.3335641529980682,-0.0963300268961116,7,"Revision round, Chinese only, human = 'humans' (as in June)"
zh_individual,creativity,-0.0337301587301587,-0.1290588099091367,0.0615984924488192,7,"Revision round, Chinese only, human = 'a person'"
zh_individual,decision,0.1101190476190476,0.0295869042243072,0.1906511910137879,7,"Revision round, Chinese only, human = 'a person'"
zh_individual,emotion,0.0019841269841269,-0.123842171552444,0.1278104255206979,7,"Revision round, Chinese only, human = 'a person'"
zh_individual,moral,0.0053736772486772,-0.1335460445373687,0.1442933990347231,7,"Revision round, Chinese only, human = 'a person'"
zh_individual,productivity,0.1458333333333333,0.0313330573138655,0.2603336093528011,7,"Revision round, Chinese only, human = 'a person'"
zh_individual,reliability,0.115244708994709,-0.0570544993410257,0.2875439173304437,7,"Revision round, Chinese only, human = 'a person'"
zh_individual,trust,0.0519179894179894,-0.0495417836037974,0.1533777624397762,7,"Revision round, Chinese only, human = 'a person'"
zh_individual,worth,-0.1592261904761904,-0.3054057548010153,-0.0130466261513655,7,"Revision round, Chinese only, human = 'a person'"
