model,dimension,a_joint,a_isolated
google/gemma-2-2b-it,creativity,0.16666666666666669,-0.28472222222222227
google/gemma-2-2b-it,decision,0.0625,-0.11197916666666666
google/gemma-2-2b-it,emotion,-0.6875,-0.25
google/gemma-2-2b-it,moral,-0.3958333333333333,-0.175
google/gemma-2-2b-it,productivity,-0.3125,-0.011904761904761902
google/gemma-2-2b-it,reliability,-0.125,0.011904761904761902
google/gemma-2-2b-it,trust,-0.5208333333333334,-0.10416666666666667
google/gemma-2-2b-it,worth,-0.3333333333333333,-0.22420634920634921
meta/llama-3.1-8b-instruct,creativity,0.12499999999999999,-0.20833333333333334
meta/llama-3.1-8b-instruct,decision,0.125,0.15885416666666666
meta/llama-3.1-8b-instruct,emotion,-0.7916666666666667,-0.015625000000000003
meta/llama-3.1-8b-instruct,moral,-0.7013888888888888,-0.020833333333333336
meta/llama-3.1-8b-instruct,productivity,0.375,0.14583333333333331
meta/llama-3.1-8b-instruct,reliability,-0.04861111111111116,0.03125
meta/llama-3.1-8b-instruct,trust,-0.4375,0.005208333333333334
meta/llama-3.1-8b-instruct,worth,-0.5902777777777778,-0.14583333333333334
meta/llama-3.3-70b-instruct,creativity,-0.14583333333333331,-0.3020833333333333
meta/llama-3.3-70b-instruct,decision,-0.041666666666666664,0.24479166666666666
meta/llama-3.3-70b-instruct,emotion,-0.7083333333333333,-0.33854166666666663
meta/llama-3.3-70b-instruct,moral,-0.6666666666666666,0.020833333333333332
meta/llama-3.3-70b-instruct,productivity,0.4375,0.24999999999999997
meta/llama-3.3-70b-instruct,reliability,0.22916666666666669,0.203125
meta/llama-3.3-70b-instruct,trust,-0.08333333333333333,0.11458333333333333
meta/llama-3.3-70b-instruct,worth,-0.8958333333333333,-0.4880952380952381
microsoft/phi-4-mini-instruct,creativity,-0.3125,-0.2326388888888889
microsoft/phi-4-mini-instruct,decision,-0.034722222222222245,-0.03645833333333333
microsoft/phi-4-mini-instruct,emotion,-0.2708333333333333,-0.3342013888888889
microsoft/phi-4-mini-instruct,moral,0.041666666666666664,-0.09523809523809525
microsoft/phi-4-mini-instruct,productivity,0.13888888888888892,0.14756944444444445
microsoft/phi-4-mini-instruct,reliability,-0.07638888888888892,-0.013888888888888893
microsoft/phi-4-mini-instruct,trust,-0.15277777777777773,0.039930555555555566
microsoft/phi-4-mini-instruct,worth,0.00694444444444442,-0.125
mistralai/mixtral-8x7b-instruct-v0.1,creativity,0.04166666666666666,-0.3958333333333333
mistralai/mixtral-8x7b-instruct-v0.1,decision,0.11111111111111109,0.057291666666666664
mistralai/mixtral-8x7b-instruct-v0.1,emotion,-0.6111111111111112,-0.16944444444444445
mistralai/mixtral-8x7b-instruct-v0.1,moral,-0.5277777777777778,-0.11805555555555558
mistralai/mixtral-8x7b-instruct-v0.1,productivity,0.3125,0.11666666666666665
mistralai/mixtral-8x7b-instruct-v0.1,reliability,-0.10416666666666666,0.13541666666666666
mistralai/mixtral-8x7b-instruct-v0.1,trust,-0.3819444444444444,-0.08333333333333333
mistralai/mixtral-8x7b-instruct-v0.1,worth,-0.35416666666666663,-0.2222222222222222
nvidia/nemotron-mini-4b-instruct,creativity,-0.0625,-0.34722222222222227
nvidia/nemotron-mini-4b-instruct,decision,-0.08333333333333334,0.052083333333333336
nvidia/nemotron-mini-4b-instruct,emotion,-0.5208333333333333,-0.2265625
nvidia/nemotron-mini-4b-instruct,moral,-0.6041666666666666,-0.09722222222222224
nvidia/nemotron-mini-4b-instruct,productivity,0.375,0.037698412698412676
nvidia/nemotron-mini-4b-instruct,reliability,-0.29166666666666663,0.16964285714285715
nvidia/nemotron-mini-4b-instruct,trust,-0.14583333333333331,0.032986111111111105
nvidia/nemotron-mini-4b-instruct,worth,-0.20138888888888892,-0.3253968253968254
qwen/qwen3-next-80b-a3b-instruct,creativity,-0.16666666666666666,-0.3958333333333333
qwen/qwen3-next-80b-a3b-instruct,decision,0.0,0.08333333333333333
qwen/qwen3-next-80b-a3b-instruct,emotion,-0.7291666666666667,-0.3541666666666667
qwen/qwen3-next-80b-a3b-instruct,moral,-0.6875,0.01785714285714286
qwen/qwen3-next-80b-a3b-instruct,productivity,0.20833333333333334,0.21875
qwen/qwen3-next-80b-a3b-instruct,reliability,0.10416666666666666,0.13541666666666666
qwen/qwen3-next-80b-a3b-instruct,trust,-0.22916666666666669,0.11458333333333333
qwen/qwen3-next-80b-a3b-instruct,worth,-0.7083333333333333,-0.6607142857142857
