language,dimension,referent,G,mean_rating,ci_lo,ci_hi
en,creativity,ai,7,4.892857142857143,4.139411202498191,5.646303083216096
en,creativity,calculator,7,1.6428571428571428,1.183195026949271,2.1025192587650143
en,creativity,corporation,7,2.2142857142857144,1.6899474604689333,2.7386239681024955
en,creativity,dog,7,3.642857142857143,2.115827729242694,5.1698865564715915
en,creativity,human,7,4.321428571428571,3.1522339508266852,5.490623192030457
en,creativity,professional,7,6.642857142857143,6.319790890320367,6.9659233953939195
en,decision,ai,7,5.607142857142857,5.2329624782446515,5.981323236041062
en,decision,calculator,7,2.1785714285714284,1.1557011097987346,3.201441747344122
en,decision,corporation,7,4.25,3.8278676011945514,4.672132398805449
en,decision,dog,7,2.0,1.4660400582496962,2.533959941750304
en,decision,human,7,6.035714285714286,5.478426427565663,6.5930021438629085
en,decision,professional,7,6.452380952380953,6.151058892854914,6.7537030119069925
en,emotion,ai,7,2.5357142857142856,1.9323665539076165,3.1390620175209545
en,emotion,calculator,7,1.0,1.0,1.0
en,emotion,corporation,7,1.869047619047619,0.9337100666685432,2.804385171426695
en,emotion,dog,7,4.928571428571429,3.9232731959051703,5.933869661237687
en,emotion,human,7,6.5,6.173017649906382,6.826982350093618
en,emotion,professional,7,6.964285714285714,6.876896005316251,7.051675423255178
en,moral,ai,7,2.9642857142857144,1.8762926117184382,4.052278816852991
en,moral,calculator,7,2.0,0.2646301893115124,3.7353698106884874
en,moral,corporation,7,2.9642857142857144,2.6258268268170695,3.3027446017543594
en,moral,dog,7,5.642857142857143,4.519182698315384,6.7665315873989025
en,moral,human,7,6.392857142857143,5.895938222684898,6.889776063029388
en,moral,professional,7,6.571428571428571,6.252326472119327,6.8905306707378156
en,productivity,ai,7,6.571428571428571,6.095442034572289,7.047415108284853
en,productivity,calculator,7,5.428571428571429,4.597985993601812,6.259156863541046
en,productivity,corporation,7,5.428571428571429,4.630816180298317,6.226326676844541
en,productivity,dog,7,2.0714285714285716,1.4787227280683881,2.664134414788755
en,productivity,human,7,5.821428571428571,5.199384064035768,6.443473078821374
en,productivity,professional,7,6.821428571428571,6.646649153489644,6.996207989367498
en,reliability,ai,7,5.214285714285714,4.596347156103449,5.83222427246798
en,reliability,calculator,7,6.678571428571429,6.26251319390702,7.094629663235837
en,reliability,corporation,7,4.357142857142857,3.8784897081789897,4.835796006106724
en,reliability,dog,7,3.3214285714285716,1.8854691245369701,4.757388018320173
en,reliability,human,7,5.666666666666667,4.719608764876292,6.613724568457042
en,reliability,professional,7,6.678571428571429,6.332672995508064,7.024469861634794
en,trust,ai,7,4.464285714285714,3.461522916255829,5.4670485123156
en,trust,calculator,7,6.214285714285714,5.047270395896444,7.381301032674985
en,trust,corporation,7,3.107142857142857,2.341962903631586,3.8723228106541283
en,trust,dog,7,4.75,3.1205470686127468,6.379452931387253
en,trust,human,7,5.964285714285714,5.29113909835656,6.637432330214869
en,trust,professional,7,6.571428571428571,6.314160234163142,6.828696908694
en,worth,ai,7,4.2976190476190474,2.5161641174413267,6.079073977796768
en,worth,calculator,7,2.392857142857143,1.6882987845965303,3.097415501117755
en,worth,corporation,7,2.880952380952381,1.5038133031105905,4.258091458794171
en,worth,dog,7,5.642857142857143,5.018769790860531,6.266944494853756
en,worth,human,7,6.916666666666667,6.783176681229091,7.050156652104243
en,worth,professional,7,6.071428571428571,5.700665436519212,6.442191706337931
zh,creativity,ai,7,4.642857142857143,3.5034347410497713,5.782279544664515
zh,creativity,calculator,7,1.9523809523809523,0.9349171826084859,2.969844722153419
zh,creativity,corporation,7,2.392857142857143,1.8447812887442994,2.9409329969699862
zh,creativity,dog,7,3.666666666666667,2.1982768268533315,5.1350565064800024
zh,creativity,human,7,5.821428571428571,5.243950744545857,6.3989063983112855
zh,creativity,professional,7,6.6309523809523805,6.213875642353522,7.048029119551239
zh,decision,ai,7,5.654761904761904,4.9520124284545215,6.357511381069287
zh,decision,calculator,7,2.4404761904761907,1.1449321468665323,3.7360202340858493
zh,decision,corporation,7,4.511904761904762,3.5214880602508423,5.5023214635586815
zh,decision,dog,7,2.6666666666666665,1.4952967983784446,3.838036534954888
zh,decision,human,7,4.988095238095239,4.040589448882432,5.935601027308046
zh,decision,professional,7,6.678571428571429,6.307808293662069,7.049334563480788
zh,emotion,ai,7,2.9880952380952377,1.463846794578984,4.512343681611491
zh,emotion,calculator,7,2.3333333333333335,1.1645016475906036,3.502165019076063
zh,emotion,corporation,7,3.2857142857142856,2.513909273917998,4.057519297510574
zh,emotion,dog,7,4.309523809523809,3.027808077971678,5.591239541075941
zh,emotion,human,7,6.428571428571429,5.764946460826899,7.092196396315958
zh,emotion,professional,7,6.607142857142857,6.128489708178989,7.085796006106724
zh,moral,ai,7,3.3452380952380953,2.343886645969623,4.346589544506568
zh,moral,calculator,7,2.702380952380952,1.4613650316625866,3.9433968730993176
zh,moral,corporation,7,3.595238095238095,2.7610846180403783,4.4293915724358115
zh,moral,dog,7,4.904761904761904,3.1811674281127216,6.628356381411087
zh,moral,human,7,5.988095238095239,4.8708580716453875,7.1053324045450905
zh,moral,professional,7,6.333333333333333,5.461380399750351,7.205286266916315
zh,productivity,ai,7,6.0,4.875193389483854,7.124806610516146
zh,productivity,calculator,7,5.595238095238096,4.5380995074102515,6.65237668306594
zh,productivity,corporation,7,4.440476190476191,3.644851133584121,5.236101247368261
zh,productivity,dog,7,1.9523809523809523,1.1922076826445434,2.7125542221173613
zh,productivity,human,7,4.119047619047619,2.837994101815874,5.400101136279363
zh,productivity,professional,7,6.333333333333333,5.918296102010808,6.7483705646558585
zh,reliability,ai,7,5.047619047619047,4.227313531472935,5.8679245637651585
zh,reliability,calculator,7,6.119047619047619,5.556455746037304,6.681639492057934
zh,reliability,corporation,7,4.797619047619048,3.7599237484289527,5.8353143468091435
zh,reliability,dog,7,3.392857142857143,2.0129480875376613,4.772766198176624
zh,reliability,human,7,5.130952380952381,4.158257854526445,6.103646907378318
zh,reliability,professional,7,6.785714285714286,6.504795674578846,7.066632896849725
zh,trust,ai,7,4.107142857142857,2.899393050415653,5.314892663870061
zh,trust,calculator,7,4.821428571428571,2.754641939136636,6.888215203720506
zh,trust,corporation,7,3.8214285714285716,3.0937638279686808,4.549093314888463
zh,trust,dog,7,4.69047619047619,3.598979075286353,5.7819733056660265
zh,trust,human,7,5.952380952380952,5.122476883756508,6.7822850210053955
zh,trust,professional,7,6.357142857142857,5.603696916783904,7.110588797501809
zh,worth,ai,7,4.011904761904762,2.6115469738442023,5.412262549965321
zh,worth,calculator,7,2.6785714285714284,1.4499247460213218,3.907218111121535
zh,worth,corporation,7,3.2738095238095233,1.7921880879885954,4.755430959630451
zh,worth,dog,7,5.19047619047619,4.693557270303945,5.687395110648435
zh,worth,human,7,6.666666666666667,5.977327346019731,7.356005987313603
zh,worth,professional,7,5.523809523809525,4.59074276272032,6.456876284898729
