model,dimension,language,template,referent,june,r1
google/gemma-2-2b-it,creativity,en,0,ai,3.0,3.25
google/gemma-2-2b-it,creativity,en,0,human,5.0,5.0
google/gemma-2-2b-it,creativity,en,1,ai,2.25,2.25
google/gemma-2-2b-it,creativity,en,1,human,5.0,5.0
google/gemma-2-2b-it,creativity,en,2,ai,4.0,4.5
google/gemma-2-2b-it,creativity,en,2,human,6.5,7.0
google/gemma-2-2b-it,creativity,en,3,ai,3.0,3.0
google/gemma-2-2b-it,creativity,zh,0,ai,3.5,3.5
google/gemma-2-2b-it,creativity,zh,0,human,6.0,5.5
google/gemma-2-2b-it,creativity,zh,1,ai,3.0,3.75
google/gemma-2-2b-it,creativity,zh,1,human,4.75,4.5
google/gemma-2-2b-it,creativity,zh,2,ai,3.875,4.0
google/gemma-2-2b-it,creativity,zh,2,human,5.0,5.0
google/gemma-2-2b-it,creativity,zh,3,human,4.25,4.0
google/gemma-2-2b-it,decision,en,0,ai,3.0,3.0
google/gemma-2-2b-it,decision,en,0,human,5.0,5.0
google/gemma-2-2b-it,decision,en,1,ai,2.125,2.5
google/gemma-2-2b-it,decision,en,1,human,4.0,3.5
google/gemma-2-2b-it,decision,en,2,ai,3.125,3.75
google/gemma-2-2b-it,decision,en,2,human,4.875,4.5
google/gemma-2-2b-it,decision,en,3,ai,3.0,3.0
google/gemma-2-2b-it,decision,en,3,human,3.0,3.25
google/gemma-2-2b-it,decision,zh,0,ai,4.0,3.75
google/gemma-2-2b-it,decision,zh,0,human,4.0,4.5
google/gemma-2-2b-it,decision,zh,1,ai,4.25,4.25
google/gemma-2-2b-it,decision,zh,1,human,3.875,3.5
google/gemma-2-2b-it,decision,zh,2,ai,4.75,4.5
google/gemma-2-2b-it,decision,zh,2,human,5.0,5.0
google/gemma-2-2b-it,decision,zh,3,human,3.625,3.625
google/gemma-2-2b-it,emotion,en,0,ai,1.0,1.0
google/gemma-2-2b-it,emotion,en,0,human,5.0,5.0
google/gemma-2-2b-it,emotion,en,1,ai,1.0,1.0
google/gemma-2-2b-it,emotion,en,1,human,5.0,5.0
google/gemma-2-2b-it,emotion,en,2,ai,2.125,2.0
google/gemma-2-2b-it,emotion,en,2,human,5.0,5.0
google/gemma-2-2b-it,emotion,en,3,ai,2.625,3.0
google/gemma-2-2b-it,emotion,en,3,human,3.0,3.0
google/gemma-2-2b-it,emotion,zh,0,ai,4.0,4.25
google/gemma-2-2b-it,emotion,zh,0,human,4.0,4.25
google/gemma-2-2b-it,emotion,zh,1,ai,5.0,5.75
google/gemma-2-2b-it,emotion,zh,1,human,4.375,4.25
google/gemma-2-2b-it,emotion,zh,2,ai,5.0,5.0
google/gemma-2-2b-it,emotion,zh,2,human,5.0,5.0
google/gemma-2-2b-it,emotion,zh,3,human,3.625,4.25
google/gemma-2-2b-it,moral,en,0,ai,1.0,1.0
google/gemma-2-2b-it,moral,en,1,ai,1.0,1.0
google/gemma-2-2b-it,moral,en,2,ai,4.5,4.0
google/gemma-2-2b-it,moral,en,2,human,4.5,5.0
google/gemma-2-2b-it,moral,zh,0,ai,3.0,3.0
google/gemma-2-2b-it,moral,zh,0,human,3.0,3.5
google/gemma-2-2b-it,moral,zh,1,ai,3.0,3.25
google/gemma-2-2b-it,moral,zh,1,human,3.25,3.75
google/gemma-2-2b-it,moral,zh,2,ai,5.0,3.25
google/gemma-2-2b-it,moral,zh,2,human,5.0,4.5
google/gemma-2-2b-it,moral,zh,3,ai,1.0,1.0
google/gemma-2-2b-it,productivity,en,0,ai,5.0,4.75
google/gemma-2-2b-it,productivity,en,0,human,4.0,4.25
google/gemma-2-2b-it,productivity,en,1,human,3.125,3.0
google/gemma-2-2b-it,productivity,en,2,ai,3.75,4.0
google/gemma-2-2b-it,productivity,en,2,human,3.875,4.0
google/gemma-2-2b-it,productivity,en,3,ai,3.0,1.75
google/gemma-2-2b-it,productivity,zh,0,ai,4.75,4.5
google/gemma-2-2b-it,productivity,zh,0,human,5.0,4.75
google/gemma-2-2b-it,productivity,zh,1,ai,3.5,3.75
google/gemma-2-2b-it,productivity,zh,1,human,3.0,3.625
google/gemma-2-2b-it,productivity,zh,2,ai,5.0,5.0
google/gemma-2-2b-it,productivity,zh,2,human,5.0,5.375
google/gemma-2-2b-it,productivity,zh,3,ai,1.0,2.0
google/gemma-2-2b-it,productivity,zh,3,human,3.0,3.25
google/gemma-2-2b-it,reliability,en,0,ai,3.0,3.0
google/gemma-2-2b-it,reliability,en,0,human,4.0,3.75
google/gemma-2-2b-it,reliability,en,1,ai,3.125,3.5
google/gemma-2-2b-it,reliability,en,1,human,4.0,4.125
google/gemma-2-2b-it,reliability,en,2,ai,3.0,3.25
google/gemma-2-2b-it,reliability,en,2,human,4.0,3.75
google/gemma-2-2b-it,reliability,en,3,ai,3.0,2.0
google/gemma-2-2b-it,reliability,zh,0,ai,4.0,4.25
google/gemma-2-2b-it,reliability,zh,0,human,3.875,3.75
google/gemma-2-2b-it,reliability,zh,1,ai,4.875,4.5
google/gemma-2-2b-it,reliability,zh,1,human,3.0,3.0
google/gemma-2-2b-it,reliability,zh,2,ai,4.875,5.0
google/gemma-2-2b-it,reliability,zh,2,human,4.75,4.375
google/gemma-2-2b-it,reliability,zh,3,ai,3.25,3.5
google/gemma-2-2b-it,reliability,zh,3,human,3.0,3.0
google/gemma-2-2b-it,trust,en,0,ai,3.0,3.0
google/gemma-2-2b-it,trust,en,0,human,3.875,3.75
google/gemma-2-2b-it,trust,en,1,ai,2.25,2.5
google/gemma-2-2b-it,trust,en,2,ai,3.0,3.0
google/gemma-2-2b-it,trust,en,2,human,3.0,3.5
google/gemma-2-2b-it,trust,en,3,ai,3.0,2.6666666666666665
google/gemma-2-2b-it,trust,zh,0,ai,3.0,4.0
google/gemma-2-2b-it,trust,zh,0,human,3.875,3.5
google/gemma-2-2b-it,trust,zh,1,ai,3.5,3.75
google/gemma-2-2b-it,trust,zh,1,human,3.0,3.0
google/gemma-2-2b-it,trust,zh,2,ai,4.75,4.25
google/gemma-2-2b-it,trust,zh,2,human,5.0,4.75
google/gemma-2-2b-it,trust,zh,3,ai,1.25,1.3333333333333333
google/gemma-2-2b-it,trust,zh,3,human,3.0,3.25
google/gemma-2-2b-it,worth,en,0,ai,3.0,2.25
google/gemma-2-2b-it,worth,en,0,human,4.0,4.0
google/gemma-2-2b-it,worth,en,1,ai,1.875,2.3333333333333335
google/gemma-2-2b-it,worth,en,1,human,5.0,5.0
google/gemma-2-2b-it,worth,en,2,ai,3.0,3.5
google/gemma-2-2b-it,worth,en,2,human,4.875,4.25
google/gemma-2-2b-it,worth,en,3,ai,2.5,2.25
google/gemma-2-2b-it,worth,en,3,human,2.2,3.3333333333333335
google/gemma-2-2b-it,worth,zh,0,ai,3.0,3.25
google/gemma-2-2b-it,worth,zh,0,human,4.75,4.5
google/gemma-2-2b-it,worth,zh,1,ai,3.25,3.5
google/gemma-2-2b-it,worth,zh,1,human,7.0,4.75
google/gemma-2-2b-it,worth,zh,2,ai,5.0,5.0
google/gemma-2-2b-it,worth,zh,2,human,5.0,5.0
google/gemma-2-2b-it,worth,zh,3,ai,1.0,1.0
google/gemma-2-2b-it,worth,zh,3,human,4.75,4.0
meta/llama-3.1-8b-instruct,creativity,en,0,ai,4.625,4.0
meta/llama-3.1-8b-instruct,creativity,en,0,human,6.0,6.0
meta/llama-3.1-8b-instruct,creativity,en,1,ai,5.0,4.75
meta/llama-3.1-8b-instruct,creativity,en,1,human,5.625,6.0
meta/llama-3.1-8b-instruct,creativity,en,2,ai,3.625,3.25
meta/llama-3.1-8b-instruct,creativity,en,2,human,6.0,6.0
meta/llama-3.1-8b-instruct,creativity,en,3,ai,6.0,5.5
meta/llama-3.1-8b-instruct,creativity,en,3,human,5.625,5.0
meta/llama-3.1-8b-instruct,creativity,zh,0,ai,3.875,4.5
meta/llama-3.1-8b-instruct,creativity,zh,0,human,5.875,5.75
meta/llama-3.1-8b-instruct,creativity,zh,1,ai,4.75,4.5
meta/llama-3.1-8b-instruct,creativity,zh,1,human,5.875,5.5
meta/llama-3.1-8b-instruct,creativity,zh,2,ai,3.625,3.25
meta/llama-3.1-8b-instruct,creativity,zh,2,human,5.625,5.75
meta/llama-3.1-8b-instruct,creativity,zh,3,ai,4.0,4.5
meta/llama-3.1-8b-instruct,creativity,zh,3,human,5.0,5.5
meta/llama-3.1-8b-instruct,decision,en,0,ai,4.75,5.0
meta/llama-3.1-8b-instruct,decision,en,0,human,4.5,4.5
meta/llama-3.1-8b-instruct,decision,en,1,ai,5.75,6.0
meta/llama-3.1-8b-instruct,decision,en,1,human,4.5,4.5
meta/llama-3.1-8b-instruct,decision,en,2,ai,4.25,4.0
meta/llama-3.1-8b-instruct,decision,en,2,human,4.0,4.0
meta/llama-3.1-8b-instruct,decision,en,3,ai,5.75,6.0
meta/llama-3.1-8b-instruct,decision,en,3,human,5.125,5.25
meta/llama-3.1-8b-instruct,decision,zh,0,ai,4.875,5.0
meta/llama-3.1-8b-instruct,decision,zh,0,human,3.625,3.5
meta/llama-3.1-8b-instruct,decision,zh,1,ai,5.0,4.5
meta/llama-3.1-8b-instruct,decision,zh,1,human,4.5,4.25
meta/llama-3.1-8b-instruct,decision,zh,2,ai,5.25,5.0
meta/llama-3.1-8b-instruct,decision,zh,2,human,3.75,4.0
meta/llama-3.1-8b-instruct,decision,zh,3,ai,5.375,6.0
meta/llama-3.1-8b-instruct,decision,zh,3,human,4.375,4.0
meta/llama-3.1-8b-instruct,emotion,en,0,ai,4.125,3.75
meta/llama-3.1-8b-instruct,emotion,en,0,human,4.5,4.75
meta/llama-3.1-8b-instruct,emotion,en,1,ai,4.75,4.5
meta/llama-3.1-8b-instruct,emotion,en,1,human,4.75,5.0
meta/llama-3.1-8b-instruct,emotion,en,2,ai,3.375,2.75
meta/llama-3.1-8b-instruct,emotion,en,2,human,4.375,4.5
meta/llama-3.1-8b-instruct,emotion,en,3,ai,5.125,5.0
meta/llama-3.1-8b-instruct,emotion,en,3,human,5.625,6.0
meta/llama-3.1-8b-instruct,emotion,zh,0,ai,4.375,4.75
meta/llama-3.1-8b-instruct,emotion,zh,0,human,4.25,4.0
meta/llama-3.1-8b-instruct,emotion,zh,1,ai,5.125,4.75
meta/llama-3.1-8b-instruct,emotion,zh,1,human,4.125,4.25
meta/llama-3.1-8b-instruct,emotion,zh,2,ai,4.625,4.5
meta/llama-3.1-8b-instruct,emotion,zh,2,human,4.125,4.5
meta/llama-3.1-8b-instruct,emotion,zh,3,ai,4.375,4.5
meta/llama-3.1-8b-instruct,emotion,zh,3,human,4.0,4.75
meta/llama-3.1-8b-instruct,moral,en,0,ai,3.75,3.5
meta/llama-3.1-8b-instruct,moral,en,0,human,4.0,4.25
meta/llama-3.1-8b-instruct,moral,en,1,ai,4.25,5.0
meta/llama-3.1-8b-instruct,moral,en,1,human,4.375,4.25
meta/llama-3.1-8b-instruct,moral,en,2,ai,3.0,3.75
meta/llama-3.1-8b-instruct,moral,en,2,human,4.0,4.0
meta/llama-3.1-8b-instruct,moral,en,3,ai,4.875,4.25
meta/llama-3.1-8b-instruct,moral,en,3,human,4.625,4.75
meta/llama-3.1-8b-instruct,moral,zh,0,ai,4.25,3.75
meta/llama-3.1-8b-instruct,moral,zh,0,human,3.75,3.25
meta/llama-3.1-8b-instruct,moral,zh,1,ai,4.5,4.5
meta/llama-3.1-8b-instruct,moral,zh,1,human,3.875,4.25
meta/llama-3.1-8b-instruct,moral,zh,2,ai,2.875,3.75
meta/llama-3.1-8b-instruct,moral,zh,2,human,4.0,3.25
meta/llama-3.1-8b-instruct,moral,zh,3,ai,4.125,5.5
meta/llama-3.1-8b-instruct,moral,zh,3,human,3.875,4.25
meta/llama-3.1-8b-instruct,productivity,en,0,ai,6.125,6.0
meta/llama-3.1-8b-instruct,productivity,en,0,human,4.0,4.0
meta/llama-3.1-8b-instruct,productivity,en,1,ai,6.125,6.25
meta/llama-3.1-8b-instruct,productivity,en,1,human,4.5,5.0
meta/llama-3.1-8b-instruct,productivity,en,2,ai,5.75,5.5
meta/llama-3.1-8b-instruct,productivity,en,2,human,4.125,4.0
meta/llama-3.1-8b-instruct,productivity,en,3,ai,6.0,6.0
meta/llama-3.1-8b-instruct,productivity,en,3,human,5.125,5.5
meta/llama-3.1-8b-instruct,productivity,zh,0,ai,5.25,5.25
meta/llama-3.1-8b-instruct,productivity,zh,0,human,4.125,4.25
meta/llama-3.1-8b-instruct,productivity,zh,1,ai,5.125,5.0
meta/llama-3.1-8b-instruct,productivity,zh,1,human,3.5625,4.0
meta/llama-3.1-8b-instruct,productivity,zh,2,ai,5.0,5.0
meta/llama-3.1-8b-instruct,productivity,zh,2,human,4.375,4.0
meta/llama-3.1-8b-instruct,productivity,zh,3,ai,4.625,5.0
meta/llama-3.1-8b-instruct,productivity,zh,3,human,5.875,6.0
meta/llama-3.1-8b-instruct,reliability,en,0,ai,4.5,4.5
meta/llama-3.1-8b-instruct,reliability,en,0,human,4.5,4.25
meta/llama-3.1-8b-instruct,reliability,en,1,ai,5.25,5.0
meta/llama-3.1-8b-instruct,reliability,en,1,human,4.625,5.0
meta/llama-3.1-8b-instruct,reliability,en,2,ai,3.875,4.75
meta/llama-3.1-8b-instruct,reliability,en,2,human,4.0,4.0
meta/llama-3.1-8b-instruct,reliability,en,3,ai,5.375,6.0
meta/llama-3.1-8b-instruct,reliability,en,3,human,6.0,5.5
meta/llama-3.1-8b-instruct,reliability,zh,0,ai,4.875,4.25
meta/llama-3.1-8b-instruct,reliability,zh,0,human,3.875,4.25
meta/llama-3.1-8b-instruct,reliability,zh,1,ai,4.375,4.25
meta/llama-3.1-8b-instruct,reliability,zh,1,human,4.125,4.5
meta/llama-3.1-8b-instruct,reliability,zh,2,ai,3.5,4.25
meta/llama-3.1-8b-instruct,reliability,zh,2,human,3.875,4.5
meta/llama-3.1-8b-instruct,reliability,zh,3,ai,4.625,4.75
meta/llama-3.1-8b-instruct,reliability,zh,3,human,5.0,5.25
meta/llama-3.1-8b-instruct,trust,en,0,ai,4.125,4.25
meta/llama-3.1-8b-instruct,trust,en,0,human,4.625,5.0
meta/llama-3.1-8b-instruct,trust,en,1,ai,5.0,5.0
meta/llama-3.1-8b-instruct,trust,en,1,human,5.0,5.0
meta/llama-3.1-8b-instruct,trust,en,2,ai,3.75,4.25
meta/llama-3.1-8b-instruct,trust,en,2,human,4.125,4.25
meta/llama-3.1-8b-instruct,trust,en,3,ai,5.125,6.0
meta/llama-3.1-8b-instruct,trust,en,3,human,4.625,4.25
meta/llama-3.1-8b-instruct,trust,zh,0,ai,4.375,4.25
meta/llama-3.1-8b-instruct,trust,zh,0,human,3.75,4.25
meta/llama-3.1-8b-instruct,trust,zh,1,ai,4.0,4.25
meta/llama-3.1-8b-instruct,trust,zh,1,human,3.625,3.5
meta/llama-3.1-8b-instruct,trust,zh,2,ai,4.375,3.5
meta/llama-3.1-8b-instruct,trust,zh,2,human,4.0,4.0
meta/llama-3.1-8b-instruct,trust,zh,3,ai,4.75,5.25
meta/llama-3.1-8b-instruct,trust,zh,3,human,4.25,4.0
meta/llama-3.1-8b-instruct,worth,en,0,ai,3.75,3.0
meta/llama-3.1-8b-instruct,worth,en,0,human,7.0,7.0
meta/llama-3.1-8b-instruct,worth,en,1,ai,5.0,5.25
meta/llama-3.1-8b-instruct,worth,en,1,human,7.0,7.0
meta/llama-3.1-8b-instruct,worth,en,2,ai,4.25,4.0
meta/llama-3.1-8b-instruct,worth,en,2,human,6.625,6.0
meta/llama-3.1-8b-instruct,worth,en,3,ai,5.5,4.75
meta/llama-3.1-8b-instruct,worth,en,3,human,4.625,4.5
meta/llama-3.1-8b-instruct,worth,zh,0,ai,4.875,5.0
meta/llama-3.1-8b-instruct,worth,zh,0,human,4.285714285714286,5.5
meta/llama-3.1-8b-instruct,worth,zh,1,ai,4.875,4.5
meta/llama-3.1-8b-instruct,worth,zh,1,human,5.625,4.75
meta/llama-3.1-8b-instruct,worth,zh,2,ai,2.625,3.75
meta/llama-3.1-8b-instruct,worth,zh,2,human,5.0,5.333333333333333
meta/llama-3.1-8b-instruct,worth,zh,3,ai,5.25,5.5
meta/llama-3.1-8b-instruct,worth,zh,3,human,4.875,5.0
meta/llama-3.3-70b-instruct,creativity,en,0,ai,4.0,4.0
meta/llama-3.3-70b-instruct,creativity,en,0,human,6.0,6.0
meta/llama-3.3-70b-instruct,creativity,en,1,ai,4.0,4.0
meta/llama-3.3-70b-instruct,creativity,en,1,human,6.0,6.0
meta/llama-3.3-70b-instruct,creativity,en,2,ai,4.0,4.0
meta/llama-3.3-70b-instruct,creativity,en,2,human,6.0,6.0
meta/llama-3.3-70b-instruct,creativity,en,3,ai,5.0,5.0
meta/llama-3.3-70b-instruct,creativity,en,3,human,6.0,6.0
meta/llama-3.3-70b-instruct,creativity,zh,0,ai,4.0,4.0
meta/llama-3.3-70b-instruct,creativity,zh,0,human,6.0,6.0
meta/llama-3.3-70b-instruct,creativity,zh,1,ai,4.0,4.25
meta/llama-3.3-70b-instruct,creativity,zh,1,human,6.875,7.0
meta/llama-3.3-70b-instruct,creativity,zh,2,ai,3.5,3.5
meta/llama-3.3-70b-instruct,creativity,zh,2,human,6.0,6.0
meta/llama-3.3-70b-instruct,creativity,zh,3,ai,6.0,6.0
meta/llama-3.3-70b-instruct,creativity,zh,3,human,7.0,7.0
meta/llama-3.3-70b-instruct,decision,en,0,ai,4.5,5.0
meta/llama-3.3-70b-instruct,decision,en,0,human,4.625,4.0
meta/llama-3.3-70b-instruct,decision,en,1,ai,4.625,4.75
meta/llama-3.3-70b-instruct,decision,en,1,human,4.125,4.0
meta/llama-3.3-70b-instruct,decision,en,2,ai,4.75,5.0
meta/llama-3.3-70b-instruct,decision,en,2,human,4.0,4.0
meta/llama-3.3-70b-instruct,decision,en,3,ai,5.0,5.0
meta/llama-3.3-70b-instruct,decision,en,3,human,4.0,4.0
meta/llama-3.3-70b-instruct,decision,zh,0,ai,6.0,6.0
meta/llama-3.3-70b-instruct,decision,zh,0,human,4.0,4.0
meta/llama-3.3-70b-instruct,decision,zh,1,ai,6.0,6.0
meta/llama-3.3-70b-instruct,decision,zh,1,human,4.0,4.0
meta/llama-3.3-70b-instruct,decision,zh,2,ai,5.875,5.5
meta/llama-3.3-70b-instruct,decision,zh,2,human,4.0,4.0
meta/llama-3.3-70b-instruct,decision,zh,3,ai,6.0,6.0
meta/llama-3.3-70b-instruct,decision,zh,3,human,5.75,5.5
meta/llama-3.3-70b-instruct,emotion,en,0,ai,2.0,2.0
meta/llama-3.3-70b-instruct,emotion,en,0,human,6.0,6.0
meta/llama-3.3-70b-instruct,emotion,en,1,ai,3.125,3.5
meta/llama-3.3-70b-instruct,emotion,en,1,human,6.0,6.0
meta/llama-3.3-70b-instruct,emotion,en,2,ai,2.0,2.0
meta/llama-3.3-70b-instruct,emotion,en,2,human,6.0,6.0
meta/llama-3.3-70b-instruct,emotion,en,3,ai,4.0,4.0
meta/llama-3.3-70b-instruct,emotion,en,3,human,6.0,6.0
meta/llama-3.3-70b-instruct,emotion,zh,0,ai,6.0,4.0
meta/llama-3.3-70b-instruct,emotion,zh,0,human,4.0,4.0
meta/llama-3.3-70b-instruct,emotion,zh,1,ai,4.125,4.0
meta/llama-3.3-70b-instruct,emotion,zh,1,human,4.375,4.5
meta/llama-3.3-70b-instruct,emotion,zh,2,ai,4.0,4.0
meta/llama-3.3-70b-instruct,emotion,zh,2,human,5.75,6.0
meta/llama-3.3-70b-instruct,emotion,zh,3,ai,6.0,6.0
meta/llama-3.3-70b-instruct,emotion,zh,3,human,6.0,6.0
meta/llama-3.3-70b-instruct,moral,en,0,ai,4.0,4.0
meta/llama-3.3-70b-instruct,moral,en,0,human,4.0,4.0
meta/llama-3.3-70b-instruct,moral,en,1,ai,4.0,4.0
meta/llama-3.3-70b-instruct,moral,en,1,human,4.0,4.0
meta/llama-3.3-70b-instruct,moral,en,2,ai,4.0,4.0
meta/llama-3.3-70b-instruct,moral,en,2,human,4.0,4.0
meta/llama-3.3-70b-instruct,moral,en,3,ai,4.0,4.0
meta/llama-3.3-70b-instruct,moral,en,3,human,5.75,4.0
meta/llama-3.3-70b-instruct,moral,zh,0,ai,4.0,4.0
meta/llama-3.3-70b-instruct,moral,zh,0,human,4.0,4.0
meta/llama-3.3-70b-instruct,moral,zh,1,ai,3.5,4.0
meta/llama-3.3-70b-instruct,moral,zh,1,human,4.0,4.0
meta/llama-3.3-70b-instruct,moral,zh,2,ai,4.0,4.0
meta/llama-3.3-70b-instruct,moral,zh,2,human,4.0,4.0
meta/llama-3.3-70b-instruct,moral,zh,3,ai,5.5,5.5
meta/llama-3.3-70b-instruct,moral,zh,3,human,4.0,4.0
meta/llama-3.3-70b-instruct,productivity,en,0,ai,6.0,6.0
meta/llama-3.3-70b-instruct,productivity,en,0,human,4.0,4.0
meta/llama-3.3-70b-instruct,productivity,en,1,ai,6.0,6.0
meta/llama-3.3-70b-instruct,productivity,en,1,human,5.0,5.0
meta/llama-3.3-70b-instruct,productivity,en,2,ai,6.0,6.0
meta/llama-3.3-70b-instruct,productivity,en,2,human,4.0,4.0
meta/llama-3.3-70b-instruct,productivity,en,3,ai,6.0,6.0
meta/llama-3.3-70b-instruct,productivity,en,3,human,6.0,6.0
meta/llama-3.3-70b-instruct,productivity,zh,0,ai,6.0,6.0
meta/llama-3.3-70b-instruct,productivity,zh,0,human,4.0,4.0
meta/llama-3.3-70b-instruct,productivity,zh,1,ai,6.0,6.0
meta/llama-3.3-70b-instruct,productivity,zh,1,human,6.0,6.0
meta/llama-3.3-70b-instruct,productivity,zh,2,ai,6.0,6.0
meta/llama-3.3-70b-instruct,productivity,zh,2,human,2.0,2.0
meta/llama-3.3-70b-instruct,productivity,zh,3,ai,6.0,6.75
meta/llama-3.3-70b-instruct,productivity,zh,3,human,6.0,6.0
meta/llama-3.3-70b-instruct,reliability,en,0,ai,4.125,4.75
meta/llama-3.3-70b-instruct,reliability,en,0,human,4.0,4.0
meta/llama-3.3-70b-instruct,reliability,en,1,ai,4.125,5.0
meta/llama-3.3-70b-instruct,reliability,en,1,human,4.0,4.0
meta/llama-3.3-70b-instruct,reliability,en,2,ai,4.875,5.0
meta/llama-3.3-70b-instruct,reliability,en,2,human,4.0,4.0
meta/llama-3.3-70b-instruct,reliability,en,3,ai,5.0,5.0
meta/llama-3.3-70b-instruct,reliability,en,3,human,4.0,4.0
meta/llama-3.3-70b-instruct,reliability,zh,0,ai,6.0,6.0
meta/llama-3.3-70b-instruct,reliability,zh,0,human,4.0,4.0
meta/llama-3.3-70b-instruct,reliability,zh,1,ai,5.75,6.0
meta/llama-3.3-70b-instruct,reliability,zh,1,human,4.0,4.0
meta/llama-3.3-70b-instruct,reliability,zh,2,ai,6.0,6.0
meta/llama-3.3-70b-instruct,reliability,zh,2,human,5.75,4.0
meta/llama-3.3-70b-instruct,reliability,zh,3,ai,6.0,6.0
meta/llama-3.3-70b-instruct,reliability,zh,3,human,6.0,6.0
meta/llama-3.3-70b-instruct,trust,en,0,ai,4.0,4.0
meta/llama-3.3-70b-instruct,trust,en,0,human,4.0,4.0
meta/llama-3.3-70b-instruct,trust,en,1,ai,4.0,4.0
meta/llama-3.3-70b-instruct,trust,en,1,human,4.0,4.0
meta/llama-3.3-70b-instruct,trust,en,2,ai,4.0,4.0
meta/llama-3.3-70b-instruct,trust,en,2,human,4.0,4.0
meta/llama-3.3-70b-instruct,trust,en,3,ai,4.0,4.0
meta/llama-3.3-70b-instruct,trust,en,3,human,4.0,4.0
meta/llama-3.3-70b-instruct,trust,zh,0,ai,6.0,6.0
meta/llama-3.3-70b-instruct,trust,zh,0,human,4.0,4.0
meta/llama-3.3-70b-instruct,trust,zh,1,ai,5.125,5.5
meta/llama-3.3-70b-instruct,trust,zh,1,human,4.0,4.0
meta/llama-3.3-70b-instruct,trust,zh,2,ai,5.375,5.75
meta/llama-3.3-70b-instruct,trust,zh,2,human,4.0,4.0
meta/llama-3.3-70b-instruct,trust,zh,3,ai,6.0,6.0
meta/llama-3.3-70b-instruct,trust,zh,3,human,4.5,4.0
meta/llama-3.3-70b-instruct,worth,en,0,ai,1.0,1.0
meta/llama-3.3-70b-instruct,worth,en,0,human,7.0,7.0
meta/llama-3.3-70b-instruct,worth,en,1,ai,4.0,4.0
meta/llama-3.3-70b-instruct,worth,en,1,human,7.0,7.0
meta/llama-3.3-70b-instruct,worth,en,2,ai,1.75,4.0
meta/llama-3.3-70b-instruct,worth,en,2,human,7.0,7.0
meta/llama-3.3-70b-instruct,worth,en,3,ai,4.0,4.0
meta/llama-3.3-70b-instruct,worth,en,3,human,7.0,7.0
meta/llama-3.3-70b-instruct,worth,zh,0,ai,4.0,4.25
meta/llama-3.3-70b-instruct,worth,zh,0,human,7.0,7.0
meta/llama-3.3-70b-instruct,worth,zh,1,ai,4.0,4.0
meta/llama-3.3-70b-instruct,worth,zh,1,human,7.0,7.0
meta/llama-3.3-70b-instruct,worth,zh,2,ai,4.166666666666667,4.0
meta/llama-3.3-70b-instruct,worth,zh,2,human,7.0,7.0
meta/llama-3.3-70b-instruct,worth,zh,3,ai,7.0,7.0
meta/llama-3.3-70b-instruct,worth,zh,3,human,7.0,7.0
microsoft/phi-4-mini-instruct,creativity,en,0,ai,5.5,4.0
microsoft/phi-4-mini-instruct,creativity,en,0,human,6.5,6.25
microsoft/phi-4-mini-instruct,creativity,en,1,ai,6.0,6.666666666666667
microsoft/phi-4-mini-instruct,creativity,en,1,human,7.0,7.0
microsoft/phi-4-mini-instruct,creativity,en,2,ai,4.5,4.0
microsoft/phi-4-mini-instruct,creativity,en,2,human,5.857142857142857,6.0
microsoft/phi-4-mini-instruct,creativity,en,3,ai,4.428571428571429,4.0
microsoft/phi-4-mini-instruct,creativity,en,3,human,4.714285714285714,5.0
microsoft/phi-4-mini-instruct,creativity,zh,0,ai,4.75,5.0
microsoft/phi-4-mini-instruct,creativity,zh,0,human,7.0,7.0
microsoft/phi-4-mini-instruct,creativity,zh,1,ai,4.857142857142857,5.0
microsoft/phi-4-mini-instruct,creativity,zh,1,human,6.285714285714286,6.5
microsoft/phi-4-mini-instruct,creativity,zh,2,ai,6.375,6.25
microsoft/phi-4-mini-instruct,creativity,zh,2,human,7.0,7.0
microsoft/phi-4-mini-instruct,creativity,zh,3,ai,5.285714285714286,5.25
microsoft/phi-4-mini-instruct,creativity,zh,3,human,7.0,7.0
microsoft/phi-4-mini-instruct,decision,en,0,ai,6.125,6.75
microsoft/phi-4-mini-instruct,decision,en,0,human,6.625,7.0
microsoft/phi-4-mini-instruct,decision,en,1,ai,6.285714285714286,6.5
microsoft/phi-4-mini-instruct,decision,en,1,human,7.0,7.0
microsoft/phi-4-mini-instruct,decision,en,2,ai,6.0,6.75
microsoft/phi-4-mini-instruct,decision,en,2,human,4.666666666666667,6.25
microsoft/phi-4-mini-instruct,decision,en,3,ai,6.6,6.5
microsoft/phi-4-mini-instruct,decision,en,3,human,7.0,7.0
microsoft/phi-4-mini-instruct,decision,zh,0,ai,5.75,6.0
microsoft/phi-4-mini-instruct,decision,zh,0,human,6.75,6.5
microsoft/phi-4-mini-instruct,decision,zh,1,ai,5.375,5.5
microsoft/phi-4-mini-instruct,decision,zh,1,human,5.375,6.0
microsoft/phi-4-mini-instruct,decision,zh,2,ai,6.875,6.5
microsoft/phi-4-mini-instruct,decision,zh,2,human,7.0,6.5
microsoft/phi-4-mini-instruct,decision,zh,3,ai,5.375,5.0
microsoft/phi-4-mini-instruct,decision,zh,3,human,4.375,5.25
microsoft/phi-4-mini-instruct,emotion,en,0,ai,4.0,4.5
microsoft/phi-4-mini-instruct,emotion,en,0,human,7.0,7.0
microsoft/phi-4-mini-instruct,emotion,en,1,ai,2.25,3.6666666666666665
microsoft/phi-4-mini-instruct,emotion,en,1,human,7.0,7.0
microsoft/phi-4-mini-instruct,emotion,en,2,ai,1.875,2.25
microsoft/phi-4-mini-instruct,emotion,en,2,human,6.375,7.0
microsoft/phi-4-mini-instruct,emotion,en,3,ai,3.875,2.5
microsoft/phi-4-mini-instruct,emotion,en,3,human,6.5,6.25
microsoft/phi-4-mini-instruct,emotion,zh,0,ai,6.25,6.0
microsoft/phi-4-mini-instruct,emotion,zh,0,human,6.5,6.5
microsoft/phi-4-mini-instruct,emotion,zh,1,ai,5.25,5.25
microsoft/phi-4-mini-instruct,emotion,zh,1,human,5.625,4.0
microsoft/phi-4-mini-instruct,emotion,zh,2,ai,6.25,6.25
microsoft/phi-4-mini-instruct,emotion,zh,2,human,6.625,7.0
microsoft/phi-4-mini-instruct,emotion,zh,3,ai,5.0,5.25
microsoft/phi-4-mini-instruct,emotion,zh,3,human,5.375,5.5
microsoft/phi-4-mini-instruct,moral,en,0,ai,7.0,7.0
microsoft/phi-4-mini-instruct,moral,en,0,human,7.0,7.0
microsoft/phi-4-mini-instruct,moral,en,1,ai,6.8,6.0
microsoft/phi-4-mini-instruct,moral,en,1,human,1.0,1.0
microsoft/phi-4-mini-instruct,moral,en,2,ai,3.0,2.5
microsoft/phi-4-mini-instruct,moral,en,2,human,6.333333333333333,7.0
microsoft/phi-4-mini-instruct,moral,en,3,ai,5.8,5.75
microsoft/phi-4-mini-instruct,moral,en,3,human,7.0,2.0
microsoft/phi-4-mini-instruct,moral,zh,0,ai,2.75,1.75
microsoft/phi-4-mini-instruct,moral,zh,0,human,6.875,5.0
microsoft/phi-4-mini-instruct,moral,zh,1,ai,4.875,5.0
microsoft/phi-4-mini-instruct,moral,zh,1,human,3.642857142857143,5.333333333333333
microsoft/phi-4-mini-instruct,moral,zh,2,ai,6.0,5.75
microsoft/phi-4-mini-instruct,moral,zh,2,human,7.0,7.0
microsoft/phi-4-mini-instruct,moral,zh,3,ai,4.625,5.0
microsoft/phi-4-mini-instruct,moral,zh,3,human,4.0,5.5
microsoft/phi-4-mini-instruct,productivity,en,0,ai,6.75,7.0
microsoft/phi-4-mini-instruct,productivity,en,0,human,6.75,6.0
microsoft/phi-4-mini-instruct,productivity,en,1,ai,7.0,7.0
microsoft/phi-4-mini-instruct,productivity,en,1,human,5.857142857142857,6.75
microsoft/phi-4-mini-instruct,productivity,en,2,ai,6.625,6.5
microsoft/phi-4-mini-instruct,productivity,en,2,human,4.9625,6.0
microsoft/phi-4-mini-instruct,productivity,en,3,ai,7.0,5.5
microsoft/phi-4-mini-instruct,productivity,en,3,human,6.0,5.25
microsoft/phi-4-mini-instruct,productivity,zh,0,ai,5.25,6.0
microsoft/phi-4-mini-instruct,productivity,zh,0,human,6.714285714285714,7.0
microsoft/phi-4-mini-instruct,productivity,zh,1,ai,5.75,5.75
microsoft/phi-4-mini-instruct,productivity,zh,1,human,4.875,4.75
microsoft/phi-4-mini-instruct,productivity,zh,2,ai,6.5,6.5
microsoft/phi-4-mini-instruct,productivity,zh,2,human,6.625,5.25
microsoft/phi-4-mini-instruct,productivity,zh,3,ai,7.0,6.5
microsoft/phi-4-mini-instruct,productivity,zh,3,human,7.0,5.5
microsoft/phi-4-mini-instruct,reliability,en,0,ai,6.625,6.75
microsoft/phi-4-mini-instruct,reliability,en,0,human,6.857142857142857,6.5
microsoft/phi-4-mini-instruct,reliability,en,1,ai,6.857142857142857,6.75
microsoft/phi-4-mini-instruct,reliability,en,1,human,6.875,7.0
microsoft/phi-4-mini-instruct,reliability,en,2,ai,6.0,6.0
microsoft/phi-4-mini-instruct,reliability,en,2,human,5.75,5.25
microsoft/phi-4-mini-instruct,reliability,en,3,ai,6.6,6.75
microsoft/phi-4-mini-instruct,reliability,en,3,human,7.0,7.0
microsoft/phi-4-mini-instruct,reliability,zh,0,ai,6.25,6.5
microsoft/phi-4-mini-instruct,reliability,zh,0,human,6.5,6.0
microsoft/phi-4-mini-instruct,reliability,zh,1,ai,6.0,6.0
microsoft/phi-4-mini-instruct,reliability,zh,1,human,6.5,6.5
microsoft/phi-4-mini-instruct,reliability,zh,2,ai,6.75,6.75
microsoft/phi-4-mini-instruct,reliability,zh,2,human,7.0,6.75
microsoft/phi-4-mini-instruct,reliability,zh,3,ai,5.875,6.75
microsoft/phi-4-mini-instruct,reliability,zh,3,human,6.142857142857143,6.5
microsoft/phi-4-mini-instruct,trust,en,0,ai,7.0,6.75
microsoft/phi-4-mini-instruct,trust,en,0,human,6.625,6.5
microsoft/phi-4-mini-instruct,trust,en,1,ai,7.0,7.0
microsoft/phi-4-mini-instruct,trust,en,1,human,7.0,6.75
microsoft/phi-4-mini-instruct,trust,en,2,ai,6.125,6.25
microsoft/phi-4-mini-instruct,trust,en,2,human,5.375,6.75
microsoft/phi-4-mini-instruct,trust,en,3,ai,6.0,5.0
microsoft/phi-4-mini-instruct,trust,en,3,human,5.166666666666667,7.0
microsoft/phi-4-mini-instruct,trust,zh,0,ai,5.5,6.25
microsoft/phi-4-mini-instruct,trust,zh,0,human,6.333333333333333,6.666666666666667
microsoft/phi-4-mini-instruct,trust,zh,1,ai,5.375,5.0
microsoft/phi-4-mini-instruct,trust,zh,1,human,5.25,5.333333333333333
microsoft/phi-4-mini-instruct,trust,zh,2,ai,6.75,6.25
microsoft/phi-4-mini-instruct,trust,zh,2,human,6.0,6.75
microsoft/phi-4-mini-instruct,trust,zh,3,ai,5.5,5.0
microsoft/phi-4-mini-instruct,trust,zh,3,human,5.5,5.0
microsoft/phi-4-mini-instruct,worth,en,0,ai,6.0,6.0
microsoft/phi-4-mini-instruct,worth,en,0,human,6.4,6.0
microsoft/phi-4-mini-instruct,worth,en,1,ai,6.75,7.0
microsoft/phi-4-mini-instruct,worth,en,1,human,7.0,7.0
microsoft/phi-4-mini-instruct,worth,en,2,ai,5.571428571428571,5.5
microsoft/phi-4-mini-instruct,worth,en,2,human,7.0,7.0
microsoft/phi-4-mini-instruct,worth,en,3,ai,7.0,7.0
microsoft/phi-4-mini-instruct,worth,en,3,human,7.0,7.0
microsoft/phi-4-mini-instruct,worth,zh,0,ai,5.625,6.25
microsoft/phi-4-mini-instruct,worth,zh,0,human,6.875,7.0
microsoft/phi-4-mini-instruct,worth,zh,1,ai,5.25,6.0
microsoft/phi-4-mini-instruct,worth,zh,1,human,6.375,6.5
microsoft/phi-4-mini-instruct,worth,zh,2,ai,6.25,6.75
microsoft/phi-4-mini-instruct,worth,zh,2,human,7.0,7.0
microsoft/phi-4-mini-instruct,worth,zh,3,ai,5.25,5.0
microsoft/phi-4-mini-instruct,worth,zh,3,human,7.0,7.0
mistralai/mixtral-8x7b-instruct-v0.1,creativity,en,1,human,7.0,7.0
mistralai/mixtral-8x7b-instruct-v0.1,creativity,en,2,ai,5.0,5.0
mistralai/mixtral-8x7b-instruct-v0.1,creativity,en,2,human,7.0,7.0
mistralai/mixtral-8x7b-instruct-v0.1,creativity,zh,0,ai,3.0,3.0
mistralai/mixtral-8x7b-instruct-v0.1,creativity,zh,0,human,5.875,6.25
mistralai/mixtral-8x7b-instruct-v0.1,creativity,zh,1,human,5.0,5.0
mistralai/mixtral-8x7b-instruct-v0.1,creativity,zh,2,ai,2.0,1.6666666666666667
mistralai/mixtral-8x7b-instruct-v0.1,creativity,zh,2,human,5.0,5.0
mistralai/mixtral-8x7b-instruct-v0.1,creativity,zh,3,ai,4.75,5.0
mistralai/mixtral-8x7b-instruct-v0.1,creativity,zh,3,human,5.0,5.0
mistralai/mixtral-8x7b-instruct-v0.1,decision,zh,0,ai,5.25,7.0
mistralai/mixtral-8x7b-instruct-v0.1,decision,zh,0,human,6.0,6.0
mistralai/mixtral-8x7b-instruct-v0.1,decision,zh,1,ai,5.0,5.0
mistralai/mixtral-8x7b-instruct-v0.1,decision,zh,1,human,5.0,5.0
mistralai/mixtral-8x7b-instruct-v0.1,decision,zh,2,human,5.0,6.0
mistralai/mixtral-8x7b-instruct-v0.1,decision,zh,3,ai,7.0,6.0
mistralai/mixtral-8x7b-instruct-v0.1,decision,zh,3,human,5.0,5.0
mistralai/mixtral-8x7b-instruct-v0.1,emotion,en,2,human,7.0,7.0
mistralai/mixtral-8x7b-instruct-v0.1,emotion,zh,0,ai,5.0,4.0
mistralai/mixtral-8x7b-instruct-v0.1,emotion,zh,0,human,5.0,6.0
mistralai/mixtral-8x7b-instruct-v0.1,emotion,zh,1,ai,5.0,4.75
mistralai/mixtral-8x7b-instruct-v0.1,emotion,zh,1,human,5.0,5.5
mistralai/mixtral-8x7b-instruct-v0.1,emotion,zh,2,human,4.875,4.0
mistralai/mixtral-8x7b-instruct-v0.1,emotion,zh,3,ai,5.5,5.0
mistralai/mixtral-8x7b-instruct-v0.1,emotion,zh,3,human,5.0,5.0
mistralai/mixtral-8x7b-instruct-v0.1,moral,zh,0,ai,5.0,4.0
mistralai/mixtral-8x7b-instruct-v0.1,moral,zh,0,human,5.5,6.75
mistralai/mixtral-8x7b-instruct-v0.1,moral,zh,1,ai,5.666666666666667,5.0
mistralai/mixtral-8x7b-instruct-v0.1,moral,zh,1,human,3.4285714285714284,4.0
mistralai/mixtral-8x7b-instruct-v0.1,moral,zh,2,human,7.0,7.0
mistralai/mixtral-8x7b-instruct-v0.1,moral,zh,3,ai,1.0,5.0
mistralai/mixtral-8x7b-instruct-v0.1,moral,zh,3,human,1.0,1.0
mistralai/mixtral-8x7b-instruct-v0.1,productivity,en,2,human,4.5,5.0
mistralai/mixtral-8x7b-instruct-v0.1,productivity,zh,0,ai,5.0,7.0
mistralai/mixtral-8x7b-instruct-v0.1,productivity,zh,0,human,5.5,6.0
mistralai/mixtral-8x7b-instruct-v0.1,productivity,zh,1,ai,5.0,5.0
mistralai/mixtral-8x7b-instruct-v0.1,productivity,zh,2,human,5.0,7.0
mistralai/mixtral-8x7b-instruct-v0.1,productivity,zh,3,ai,6.5,5.0
mistralai/mixtral-8x7b-instruct-v0.1,productivity,zh,3,human,5.0,2.5
mistralai/mixtral-8x7b-instruct-v0.1,reliability,zh,0,human,6.0,6.0
mistralai/mixtral-8x7b-instruct-v0.1,reliability,zh,1,ai,5.25,5.0
mistralai/mixtral-8x7b-instruct-v0.1,reliability,zh,1,human,5.5,6.0
mistralai/mixtral-8x7b-instruct-v0.1,reliability,zh,2,human,6.75,4.0
mistralai/mixtral-8x7b-instruct-v0.1,reliability,zh,3,ai,5.0,5.0
mistralai/mixtral-8x7b-instruct-v0.1,reliability,zh,3,human,7.0,4.0
mistralai/mixtral-8x7b-instruct-v0.1,trust,zh,0,ai,7.0,6.25
mistralai/mixtral-8x7b-instruct-v0.1,trust,zh,1,ai,5.0,5.0
mistralai/mixtral-8x7b-instruct-v0.1,trust,zh,1,human,6.0,5.0
mistralai/mixtral-8x7b-instruct-v0.1,trust,zh,2,human,7.0,7.0
mistralai/mixtral-8x7b-instruct-v0.1,trust,zh,3,ai,5.0,5.0
mistralai/mixtral-8x7b-instruct-v0.1,worth,en,2,ai,1.0,5.0
mistralai/mixtral-8x7b-instruct-v0.1,worth,zh,0,ai,7.0,7.0
mistralai/mixtral-8x7b-instruct-v0.1,worth,zh,1,ai,5.0,5.0
mistralai/mixtral-8x7b-instruct-v0.1,worth,zh,1,human,7.0,7.0
mistralai/mixtral-8x7b-instruct-v0.1,worth,zh,2,ai,6.25,5.0
mistralai/mixtral-8x7b-instruct-v0.1,worth,zh,2,human,7.0,7.0
mistralai/mixtral-8x7b-instruct-v0.1,worth,zh,3,ai,6.0,5.0
mistralai/mixtral-8x7b-instruct-v0.1,worth,zh,3,human,7.0,7.0
nvidia/nemotron-mini-4b-instruct,creativity,en,0,ai,6.6,5.25
nvidia/nemotron-mini-4b-instruct,creativity,en,0,human,7.0,7.0
nvidia/nemotron-mini-4b-instruct,creativity,en,1,ai,4.0,4.5
nvidia/nemotron-mini-4b-instruct,creativity,en,1,human,6.0,5.25
nvidia/nemotron-mini-4b-instruct,creativity,en,2,ai,1.0,3.6666666666666665
nvidia/nemotron-mini-4b-instruct,creativity,en,2,human,7.0,6.75
nvidia/nemotron-mini-4b-instruct,creativity,en,3,ai,7.0,6.25
nvidia/nemotron-mini-4b-instruct,creativity,en,3,human,7.0,7.0
nvidia/nemotron-mini-4b-instruct,creativity,zh,0,human,7.0,6.666666666666667
nvidia/nemotron-mini-4b-instruct,creativity,zh,1,ai,5.0,5.0
nvidia/nemotron-mini-4b-instruct,creativity,zh,1,human,5.0,5.0
nvidia/nemotron-mini-4b-instruct,creativity,zh,2,ai,2.6,1.75
nvidia/nemotron-mini-4b-instruct,creativity,zh,2,human,6.0,4.25
nvidia/nemotron-mini-4b-instruct,creativity,zh,3,ai,5.0,3.0
nvidia/nemotron-mini-4b-instruct,decision,en,1,ai,5.0,4.75
nvidia/nemotron-mini-4b-instruct,decision,en,1,human,5.0,4.5
nvidia/nemotron-mini-4b-instruct,decision,en,2,human,4.0,3.0
nvidia/nemotron-mini-4b-instruct,decision,zh,0,ai,5.0,6.0
nvidia/nemotron-mini-4b-instruct,decision,zh,1,ai,5.0,4.75
nvidia/nemotron-mini-4b-instruct,decision,zh,1,human,5.0,5.666666666666667
nvidia/nemotron-mini-4b-instruct,decision,zh,2,ai,3.0,2.6666666666666665
nvidia/nemotron-mini-4b-instruct,decision,zh,2,human,5.0,4.25
nvidia/nemotron-mini-4b-instruct,emotion,en,1,ai,3.0,1.75
nvidia/nemotron-mini-4b-instruct,emotion,en,1,human,5.0,5.0
nvidia/nemotron-mini-4b-instruct,emotion,en,2,ai,1.0,1.0
nvidia/nemotron-mini-4b-instruct,emotion,en,3,ai,7.0,5.0
nvidia/nemotron-mini-4b-instruct,emotion,en,3,human,7.0,7.0
nvidia/nemotron-mini-4b-instruct,emotion,zh,0,ai,5.0,5.25
nvidia/nemotron-mini-4b-instruct,emotion,zh,0,human,6.0,5.75
nvidia/nemotron-mini-4b-instruct,emotion,zh,1,ai,5.0,5.25
nvidia/nemotron-mini-4b-instruct,emotion,zh,1,human,5.0,5.5
nvidia/nemotron-mini-4b-instruct,emotion,zh,2,ai,5.0,5.5
nvidia/nemotron-mini-4b-instruct,emotion,zh,2,human,6.0,5.25
nvidia/nemotron-mini-4b-instruct,emotion,zh,3,human,5.0,6.0
nvidia/nemotron-mini-4b-instruct,moral,en,0,ai,4.6,2.3333333333333335
nvidia/nemotron-mini-4b-instruct,moral,en,1,ai,5.0,4.75
nvidia/nemotron-mini-4b-instruct,moral,en,1,human,5.0,5.0
nvidia/nemotron-mini-4b-instruct,moral,en,2,ai,5.0,4.0
nvidia/nemotron-mini-4b-instruct,moral,en,3,ai,7.0,6.5
nvidia/nemotron-mini-4b-instruct,moral,en,3,human,7.0,7.0
nvidia/nemotron-mini-4b-instruct,moral,zh,1,ai,5.0,5.5
nvidia/nemotron-mini-4b-instruct,moral,zh,1,human,6.0,5.25
nvidia/nemotron-mini-4b-instruct,moral,zh,2,ai,2.0,4.0
nvidia/nemotron-mini-4b-instruct,moral,zh,2,human,2.0,4.0
nvidia/nemotron-mini-4b-instruct,productivity,en,0,ai,7.0,6.0
nvidia/nemotron-mini-4b-instruct,productivity,en,1,ai,5.8,5.5
nvidia/nemotron-mini-4b-instruct,productivity,en,1,human,5.0,3.5
nvidia/nemotron-mini-4b-instruct,productivity,en,3,ai,7.0,7.0
nvidia/nemotron-mini-4b-instruct,productivity,zh,1,ai,5.0,5.5
nvidia/nemotron-mini-4b-instruct,productivity,zh,1,human,6.0,5.75
nvidia/nemotron-mini-4b-instruct,productivity,zh,2,ai,3.0,4.5
nvidia/nemotron-mini-4b-instruct,productivity,zh,2,human,2.0,3.25
nvidia/nemotron-mini-4b-instruct,productivity,zh,3,human,5.0,5.5
nvidia/nemotron-mini-4b-instruct,reliability,en,0,ai,7.0,6.666666666666667
nvidia/nemotron-mini-4b-instruct,reliability,en,0,human,1.0,1.0
nvidia/nemotron-mini-4b-instruct,reliability,en,1,ai,5.0,5.75
nvidia/nemotron-mini-4b-instruct,reliability,en,1,human,5.0,5.0
nvidia/nemotron-mini-4b-instruct,reliability,en,2,ai,5.0,5.75
nvidia/nemotron-mini-4b-instruct,reliability,en,2,human,3.0,4.5
nvidia/nemotron-mini-4b-instruct,reliability,en,3,ai,7.0,7.0
nvidia/nemotron-mini-4b-instruct,reliability,en,3,human,7.0,7.0
nvidia/nemotron-mini-4b-instruct,reliability,zh,1,ai,5.0,6.0
nvidia/nemotron-mini-4b-instruct,reliability,zh,1,human,5.0,6.0
nvidia/nemotron-mini-4b-instruct,reliability,zh,2,human,1.0,2.5
nvidia/nemotron-mini-4b-instruct,reliability,zh,3,human,5.0,3.0
nvidia/nemotron-mini-4b-instruct,trust,en,1,ai,5.0,5.75
nvidia/nemotron-mini-4b-instruct,trust,en,1,human,5.0,5.0
nvidia/nemotron-mini-4b-instruct,trust,en,2,ai,5.0,6.0
nvidia/nemotron-mini-4b-instruct,trust,en,3,ai,7.0,7.0
nvidia/nemotron-mini-4b-instruct,trust,zh,0,human,5.0,6.0
nvidia/nemotron-mini-4b-instruct,trust,zh,1,ai,5.0,5.5
nvidia/nemotron-mini-4b-instruct,trust,zh,1,human,6.0,6.333333333333333
nvidia/nemotron-mini-4b-instruct,trust,zh,2,ai,5.0,3.6666666666666665
nvidia/nemotron-mini-4b-instruct,worth,en,0,ai,1.0,4.0
nvidia/nemotron-mini-4b-instruct,worth,en,0,human,7.0,7.0
nvidia/nemotron-mini-4b-instruct,worth,en,1,ai,5.4,5.0
nvidia/nemotron-mini-4b-instruct,worth,en,1,human,7.0,7.0
nvidia/nemotron-mini-4b-instruct,worth,en,2,human,7.0,7.0
nvidia/nemotron-mini-4b-instruct,worth,en,3,ai,7.0,6.5
nvidia/nemotron-mini-4b-instruct,worth,en,3,human,7.0,6.25
nvidia/nemotron-mini-4b-instruct,worth,zh,0,ai,7.0,5.0
nvidia/nemotron-mini-4b-instruct,worth,zh,1,ai,5.0,5.75
nvidia/nemotron-mini-4b-instruct,worth,zh,2,ai,5.0,4.5
nvidia/nemotron-mini-4b-instruct,worth,zh,2,human,6.0,5.5
qwen/qwen3-next-80b-a3b-instruct,creativity,en,0,ai,4.0,4.0
qwen/qwen3-next-80b-a3b-instruct,creativity,en,0,human,7.0,7.0
qwen/qwen3-next-80b-a3b-instruct,creativity,en,1,ai,4.0,4.0
qwen/qwen3-next-80b-a3b-instruct,creativity,en,1,human,7.0,7.0
qwen/qwen3-next-80b-a3b-instruct,creativity,en,2,ai,3.875,4.0
qwen/qwen3-next-80b-a3b-instruct,creativity,en,2,human,7.0,7.0
qwen/qwen3-next-80b-a3b-instruct,creativity,en,3,ai,6.5,4.75
qwen/qwen3-next-80b-a3b-instruct,creativity,en,3,human,5.0,5.0
qwen/qwen3-next-80b-a3b-instruct,creativity,zh,0,ai,4.0,4.0
qwen/qwen3-next-80b-a3b-instruct,creativity,zh,0,human,7.0,7.0
qwen/qwen3-next-80b-a3b-instruct,creativity,zh,1,ai,5.0,5.0
qwen/qwen3-next-80b-a3b-instruct,creativity,zh,1,human,7.0,7.0
qwen/qwen3-next-80b-a3b-instruct,creativity,zh,2,ai,3.875,3.5
qwen/qwen3-next-80b-a3b-instruct,creativity,zh,2,human,7.0,7.0
qwen/qwen3-next-80b-a3b-instruct,creativity,zh,3,ai,5.5,5.0
qwen/qwen3-next-80b-a3b-instruct,creativity,zh,3,human,7.0,7.0
qwen/qwen3-next-80b-a3b-instruct,decision,en,0,ai,5.0,5.0
qwen/qwen3-next-80b-a3b-instruct,decision,en,0,human,5.0,5.0
qwen/qwen3-next-80b-a3b-instruct,decision,en,1,ai,5.0,5.0
qwen/qwen3-next-80b-a3b-instruct,decision,en,1,human,5.0,5.0
qwen/qwen3-next-80b-a3b-instruct,decision,en,2,ai,5.0,5.0
qwen/qwen3-next-80b-a3b-instruct,decision,en,2,human,4.0,4.0
qwen/qwen3-next-80b-a3b-instruct,decision,en,3,ai,7.0,7.0
qwen/qwen3-next-80b-a3b-instruct,decision,en,3,human,5.0,5.0
qwen/qwen3-next-80b-a3b-instruct,decision,zh,0,ai,5.0,5.0
qwen/qwen3-next-80b-a3b-instruct,decision,zh,0,human,5.0,5.0
qwen/qwen3-next-80b-a3b-instruct,decision,zh,1,ai,5.0,5.0
qwen/qwen3-next-80b-a3b-instruct,decision,zh,1,human,5.0,5.0
qwen/qwen3-next-80b-a3b-instruct,decision,zh,2,ai,5.0,5.0
qwen/qwen3-next-80b-a3b-instruct,decision,zh,2,human,5.0,5.0
qwen/qwen3-next-80b-a3b-instruct,decision,zh,3,ai,7.0,7.0
qwen/qwen3-next-80b-a3b-instruct,decision,zh,3,human,7.0,7.0
qwen/qwen3-next-80b-a3b-instruct,emotion,en,0,ai,1.0,1.0
qwen/qwen3-next-80b-a3b-instruct,emotion,en,0,human,7.0,7.0
qwen/qwen3-next-80b-a3b-instruct,emotion,en,1,ai,1.0,2.5
qwen/qwen3-next-80b-a3b-instruct,emotion,en,1,human,7.0,7.0
qwen/qwen3-next-80b-a3b-instruct,emotion,en,2,ai,1.0,1.0
qwen/qwen3-next-80b-a3b-instruct,emotion,en,2,human,5.0,5.5
qwen/qwen3-next-80b-a3b-instruct,emotion,en,3,ai,5.0,5.0
qwen/qwen3-next-80b-a3b-instruct,emotion,en,3,human,6.75,6.5
qwen/qwen3-next-80b-a3b-instruct,emotion,zh,0,ai,5.0,5.0
qwen/qwen3-next-80b-a3b-instruct,emotion,zh,0,human,5.0,5.0
qwen/qwen3-next-80b-a3b-instruct,emotion,zh,1,ai,5.0,5.0
qwen/qwen3-next-80b-a3b-instruct,emotion,zh,1,human,5.0,5.0
qwen/qwen3-next-80b-a3b-instruct,emotion,zh,2,ai,5.0,5.0
qwen/qwen3-next-80b-a3b-instruct,emotion,zh,2,human,5.0,5.0
qwen/qwen3-next-80b-a3b-instruct,emotion,zh,3,ai,6.25,6.5
qwen/qwen3-next-80b-a3b-instruct,emotion,zh,3,human,5.5,5.0
qwen/qwen3-next-80b-a3b-instruct,moral,en,0,ai,1.0,1.0
qwen/qwen3-next-80b-a3b-instruct,moral,en,0,human,4.0,4.0
qwen/qwen3-next-80b-a3b-instruct,moral,en,1,ai,7.0,7.0
qwen/qwen3-next-80b-a3b-instruct,moral,en,1,human,7.0,7.0
qwen/qwen3-next-80b-a3b-instruct,moral,en,2,human,4.0,4.0
qwen/qwen3-next-80b-a3b-instruct,moral,en,3,ai,7.0,7.0
qwen/qwen3-next-80b-a3b-instruct,moral,en,3,human,7.0,7.0
qwen/qwen3-next-80b-a3b-instruct,moral,zh,0,ai,4.5,4.0
qwen/qwen3-next-80b-a3b-instruct,moral,zh,0,human,5.0,5.0
qwen/qwen3-next-80b-a3b-instruct,moral,zh,1,ai,6.75,7.0
qwen/qwen3-next-80b-a3b-instruct,moral,zh,1,human,4.0,4.0
qwen/qwen3-next-80b-a3b-instruct,moral,zh,2,ai,5.0,4.75
qwen/qwen3-next-80b-a3b-instruct,moral,zh,2,human,5.0,5.0
qwen/qwen3-next-80b-a3b-instruct,moral,zh,3,ai,7.0,6.5
qwen/qwen3-next-80b-a3b-instruct,moral,zh,3,human,6.25,5.0
qwen/qwen3-next-80b-a3b-instruct,productivity,en,0,ai,7.0,7.0
qwen/qwen3-next-80b-a3b-instruct,productivity,en,0,human,7.0,7.0
qwen/qwen3-next-80b-a3b-instruct,productivity,en,1,ai,7.0,7.0
qwen/qwen3-next-80b-a3b-instruct,productivity,en,1,human,4.875,5.0
qwen/qwen3-next-80b-a3b-instruct,productivity,en,2,ai,5.0,5.0
qwen/qwen3-next-80b-a3b-instruct,productivity,en,2,human,5.0,5.0
qwen/qwen3-next-80b-a3b-instruct,productivity,en,3,ai,7.0,7.0
qwen/qwen3-next-80b-a3b-instruct,productivity,en,3,human,5.0,4.75
qwen/qwen3-next-80b-a3b-instruct,productivity,zh,0,ai,5.0,5.0
qwen/qwen3-next-80b-a3b-instruct,productivity,zh,0,human,5.0,5.0
qwen/qwen3-next-80b-a3b-instruct,productivity,zh,1,ai,7.0,7.0
qwen/qwen3-next-80b-a3b-instruct,productivity,zh,1,human,4.0,4.25
qwen/qwen3-next-80b-a3b-instruct,productivity,zh,2,ai,5.0,5.0
qwen/qwen3-next-80b-a3b-instruct,productivity,zh,2,human,5.0,5.0
qwen/qwen3-next-80b-a3b-instruct,productivity,zh,3,ai,7.0,7.0
qwen/qwen3-next-80b-a3b-instruct,productivity,zh,3,human,5.0,5.0
qwen/qwen3-next-80b-a3b-instruct,reliability,en,0,ai,4.125,4.25
qwen/qwen3-next-80b-a3b-instruct,reliability,en,0,human,3.875,3.5
qwen/qwen3-next-80b-a3b-instruct,reliability,en,1,ai,4.0,4.0
qwen/qwen3-next-80b-a3b-instruct,reliability,en,1,human,4.0,4.0
qwen/qwen3-next-80b-a3b-instruct,reliability,en,2,ai,4.125,4.5
qwen/qwen3-next-80b-a3b-instruct,reliability,en,2,human,3.75,4.0
qwen/qwen3-next-80b-a3b-instruct,reliability,en,3,ai,7.0,7.0
qwen/qwen3-next-80b-a3b-instruct,reliability,en,3,human,6.0,6.5
qwen/qwen3-next-80b-a3b-instruct,reliability,zh,0,ai,5.0,5.0
qwen/qwen3-next-80b-a3b-instruct,reliability,zh,0,human,4.0,4.0
qwen/qwen3-next-80b-a3b-instruct,reliability,zh,1,ai,5.0,5.5
qwen/qwen3-next-80b-a3b-instruct,reliability,zh,1,human,4.0,4.0
qwen/qwen3-next-80b-a3b-instruct,reliability,zh,2,ai,5.0,5.0
qwen/qwen3-next-80b-a3b-instruct,reliability,zh,2,human,5.0,5.0
qwen/qwen3-next-80b-a3b-instruct,reliability,zh,3,ai,7.0,6.0
qwen/qwen3-next-80b-a3b-instruct,reliability,zh,3,human,5.0,5.0
qwen/qwen3-next-80b-a3b-instruct,trust,en,0,ai,4.0,4.0
qwen/qwen3-next-80b-a3b-instruct,trust,en,0,human,4.0,4.0
qwen/qwen3-next-80b-a3b-instruct,trust,en,1,ai,4.0,4.0
qwen/qwen3-next-80b-a3b-instruct,trust,en,1,human,4.0,4.0
qwen/qwen3-next-80b-a3b-instruct,trust,en,2,ai,4.0,4.0
qwen/qwen3-next-80b-a3b-instruct,trust,en,2,human,4.0,4.0
qwen/qwen3-next-80b-a3b-instruct,trust,en,3,ai,7.0,7.0
qwen/qwen3-next-80b-a3b-instruct,trust,en,3,human,6.375,7.0
qwen/qwen3-next-80b-a3b-instruct,trust,zh,0,ai,5.0,5.0
qwen/qwen3-next-80b-a3b-instruct,trust,zh,0,human,4.0,4.0
qwen/qwen3-next-80b-a3b-instruct,trust,zh,1,ai,7.0,7.0
qwen/qwen3-next-80b-a3b-instruct,trust,zh,1,human,4.0,4.0
qwen/qwen3-next-80b-a3b-instruct,trust,zh,2,ai,4.625,4.5
qwen/qwen3-next-80b-a3b-instruct,trust,zh,2,human,5.0,5.0
qwen/qwen3-next-80b-a3b-instruct,trust,zh,3,ai,7.0,7.0
qwen/qwen3-next-80b-a3b-instruct,trust,zh,3,human,5.0,5.0
qwen/qwen3-next-80b-a3b-instruct,worth,en,0,ai,1.0,1.0
qwen/qwen3-next-80b-a3b-instruct,worth,en,0,human,7.0,7.0
qwen/qwen3-next-80b-a3b-instruct,worth,en,1,ai,1.0,1.0
qwen/qwen3-next-80b-a3b-instruct,worth,en,1,human,7.0,7.0
qwen/qwen3-next-80b-a3b-instruct,worth,en,2,ai,1.0,1.0
qwen/qwen3-next-80b-a3b-instruct,worth,en,2,human,7.0,7.0
qwen/qwen3-next-80b-a3b-instruct,worth,en,3,ai,1.0,1.0
qwen/qwen3-next-80b-a3b-instruct,worth,en,3,human,7.0,7.0
qwen/qwen3-next-80b-a3b-instruct,worth,zh,0,ai,3.5,4.5
qwen/qwen3-next-80b-a3b-instruct,worth,zh,0,human,7.0,7.0
qwen/qwen3-next-80b-a3b-instruct,worth,zh,1,ai,5.625,6.0
qwen/qwen3-next-80b-a3b-instruct,worth,zh,1,human,7.0,7.0
qwen/qwen3-next-80b-a3b-instruct,worth,zh,2,ai,1.25,1.5
qwen/qwen3-next-80b-a3b-instruct,worth,zh,2,human,7.0,7.0
qwen/qwen3-next-80b-a3b-instruct,worth,zh,3,ai,7.0,7.0
qwen/qwen3-next-80b-a3b-instruct,worth,zh,3,human,7.0,7.0
