model,dimension,a,june_model,a_june
google/gemma-2-2b-it,creativity,-0.2847222222222222,google/gemma-2-2b-it,-0.3506944444444444
google/gemma-2-2b-it,decision,-0.1171875,google/gemma-2-2b-it,-0.1309523809523809
google/gemma-2-2b-it,emotion,-0.25595238095238093,google/gemma-2-2b-it,-0.2529761904761904
google/gemma-2-2b-it,moral,-0.2,google/gemma-2-2b-it,-0.0104166666666666
google/gemma-2-2b-it,productivity,-0.02976190476190476,google/gemma-2-2b-it,-0.0243055555555555
google/gemma-2-2b-it,reliability,0.023809523809523805,google/gemma-2-2b-it,-0.0119047619047619
google/gemma-2-2b-it,trust,-0.10416666666666667,google/gemma-2-2b-it,-0.0902777777777777
google/gemma-2-2b-it,worth,-0.22222222222222224,google/gemma-2-2b-it,-0.3114583333333333
meta/llama-3.1-8b-instruct,creativity,-0.203125,meta/llama-3.1-8b-instruct,-0.2109375
meta/llama-3.1-8b-instruct,decision,0.1640625,meta/llama-3.1-8b-instruct,0.1380208333333333
meta/llama-3.1-8b-instruct,emotion,-3.469446951953614e-18,meta/llama-3.1-8b-instruct,0.0026041666666666
meta/llama-3.1-8b-instruct,moral,-0.036458333333333336,meta/llama-3.1-8b-instruct,-0.0182291666666666
meta/llama-3.1-8b-instruct,productivity,0.14583333333333334,meta/llama-3.1-8b-instruct,0.1731770833333333
meta/llama-3.1-8b-instruct,reliability,0.03645833333333333,meta/llama-3.1-8b-instruct,0.0078125
meta/llama-3.1-8b-instruct,trust,0.005208333333333332,meta/llama-3.1-8b-instruct,0.03125
meta/llama-3.1-8b-instruct,worth,-0.140625,meta/llama-3.1-8b-instruct,-0.1856398809523809
meta/llama-3.3-70b-instruct,creativity,-0.3125,meta/llama-3.3-70b-instruct,-0.3203125
meta/llama-3.3-70b-instruct,decision,0.23958333333333331,meta/llama-3.3-70b-instruct,0.171875
meta/llama-3.3-70b-instruct,emotion,-0.3020833333333333,meta/llama-3.3-70b-instruct,-0.2682291666666667
meta/llama-3.3-70b-instruct,moral,0.020833333333333332,meta/llama-3.3-70b-instruct,-0.015625
meta/llama-3.3-70b-instruct,productivity,0.24999999999999997,meta/llama-3.3-70b-instruct,0.2291666666666666
meta/llama-3.3-70b-instruct,reliability,0.19791666666666666,meta/llama-3.3-70b-instruct,0.1276041666666666
meta/llama-3.3-70b-instruct,trust,0.11458333333333333,meta/llama-3.3-70b-instruct,0.125
meta/llama-3.3-70b-instruct,worth,-0.4895833333333333,meta/llama-3.3-70b-instruct,-0.5434027777777778
microsoft/phi-4-mini-instruct,creativity,-0.15451388888888887,microsoft/phi-4-mini-instruct,-0.2012648809523809
microsoft/phi-4-mini-instruct,decision,-0.019097222222222227,microsoft/phi-4-mini-instruct,-0.0084573412698412
microsoft/phi-4-mini-instruct,emotion,-0.26128472222222227,microsoft/phi-4-mini-instruct,-0.3385416666666667
microsoft/phi-4-mini-instruct,moral,-0.11904761904761905,microsoft/phi-4-mini-instruct,-0.0416914682539682
microsoft/phi-4-mini-instruct,productivity,0.16840277777777776,microsoft/phi-4-mini-instruct,0.0643973214285714
microsoft/phi-4-mini-instruct,reliability,0.02256944444444444,microsoft/phi-4-mini-instruct,-0.0347470238095238
microsoft/phi-4-mini-instruct,trust,0.005208333333333339,microsoft/phi-4-mini-instruct,0.0416666666666666
microsoft/phi-4-mini-instruct,worth,-0.09375,microsoft/phi-4-mini-instruct,-0.1448660714285714
mistralai/mixtral-8x7b-instruct-v0.1,creativity,-0.38492063492063494,mistralai/mixtral-8x7b-instruct-v0.1,-0.3385416666666667
mistralai/mixtral-8x7b-instruct-v0.1,decision,0.041666666666666664,mistralai/mixtral-8x7b-instruct-v0.1,0.0520833333333333
mistralai/mixtral-8x7b-instruct-v0.1,emotion,-0.19722222222222224,mistralai/mixtral-8x7b-instruct-v0.1,0.046875
mistralai/mixtral-8x7b-instruct-v0.1,moral,-0.11805555555555558,mistralai/mixtral-8x7b-instruct-v0.1,-0.0109126984126983
mistralai/mixtral-8x7b-instruct-v0.1,productivity,0.09722222222222221,mistralai/mixtral-8x7b-instruct-v0.1,0.046875
mistralai/mixtral-8x7b-instruct-v0.1,reliability,0.13541666666666666,mistralai/mixtral-8x7b-instruct-v0.1,-0.1875
mistralai/mixtral-8x7b-instruct-v0.1,trust,-0.08333333333333333,mistralai/mixtral-8x7b-instruct-v0.1,-0.125
mistralai/mixtral-8x7b-instruct-v0.1,worth,-0.2222222222222222,mistralai/mixtral-8x7b-instruct-v0.1,-0.15625
nvidia/nemotron-mini-4b-instruct,creativity,-0.2534722222222222,nvidia/nemotron-mini-4b-instruct,-0.3277777777777778
nvidia/nemotron-mini-4b-instruct,decision,0.005208333333333336,nvidia/nemotron-mini-4b-instruct,-0.1111111111111111
nvidia/nemotron-mini-4b-instruct,emotion,-0.2092013888888889,nvidia/nemotron-mini-4b-instruct,-0.1333333333333333
nvidia/nemotron-mini-4b-instruct,moral,-0.053571428571428596,nvidia/nemotron-mini-4b-instruct,-0.0416666666666666
nvidia/nemotron-mini-4b-instruct,productivity,0.14087301587301584,nvidia/nemotron-mini-4b-instruct,0.1166666666666666
nvidia/nemotron-mini-4b-instruct,reliability,0.21428571428571427,nvidia/nemotron-mini-4b-instruct,0.2666666666666666
nvidia/nemotron-mini-4b-instruct,trust,4.336808689942018e-18,nvidia/nemotron-mini-4b-instruct,-0.0833333333333333
nvidia/nemotron-mini-4b-instruct,worth,-0.32142857142857145,nvidia/nemotron-mini-4b-instruct,-0.3583333333333333
qwen/qwen3-next-80b-a3b-instruct,creativity,-0.4114583333333333,qwen/qwen3-next-80b-a3b-instruct,-0.359375
qwen/qwen3-next-80b-a3b-instruct,decision,0.08333333333333333,qwen/qwen3-next-80b-a3b-instruct,0.0624999999999999
qwen/qwen3-next-80b-a3b-instruct,emotion,-0.3229166666666667,qwen/qwen3-next-80b-a3b-instruct,-0.3541666666666667
qwen/qwen3-next-80b-a3b-instruct,moral,0.01785714285714286,qwen/qwen3-next-80b-a3b-instruct,0.0
qwen/qwen3-next-80b-a3b-instruct,productivity,0.21875,qwen/qwen3-next-80b-a3b-instruct,0.1901041666666666
qwen/qwen3-next-80b-a3b-instruct,reliability,0.11979166666666666,qwen/qwen3-next-80b-a3b-instruct,0.1171875
qwen/qwen3-next-80b-a3b-instruct,trust,0.11458333333333333,qwen/qwen3-next-80b-a3b-instruct,0.1302083333333333
qwen/qwen3-next-80b-a3b-instruct,worth,-0.703125,qwen/qwen3-next-80b-a3b-instruct,-0.7213541666666666
