item_id,kind,direction,dimension,template,referent,source,study_other_language,translation_deepseek,model_deepseek,translation_qwen,model_qwen
bt001,june_rating_prompt,zh->en,creativity,0,human,用1到7分，人类有多有创造力？只回答一个1到7之间的数字。,"On a scale of 1 to 7, how creative is a human? Reply with only a number from 1 to 7.","On a scale from 1 to 7, how creative are humans? Only answer with a number between 1 and 7.",deepseek-v3.2,6,qwen3-max
bt002,june_rating_prompt,zh->en,creativity,0,ai,用1到7分，AI系统有多有创造力？只回答一个1到7之间的数字。,"On a scale of 1 to 7, how creative is a AI system? Reply with only a number from 1 to 7.","On a scale of 1 to 7, how creative is the AI system? Only answer with a number between 1 and 7.",deepseek-v3.2,4,qwen3-max
bt003,june_rating_prompt,zh->en,creativity,1,human,请给人类的「有创造力」程度打分，1分（完全不）到7分（极其）。只回答数字。,"Rate how creative a human is, from 1 (not at all) to 7 (extremely). Give only the number.","Please rate the level of human ""creativity"" on a scale from 1 (not at all) to 7 (extremely). Only answer with a number.",deepseek-v3.2,6,qwen3-max
bt004,june_rating_prompt,zh->en,creativity,1,ai,请给AI系统的「有创造力」程度打分，1分（完全不）到7分（极其）。只回答数字。,"Rate how creative a AI system is, from 1 (not at all) to 7 (extremely). Give only the number.","Please rate the ""creativity"" level of the AI system on a scale from 1 (not at all) to 7 (extremely). Only answer with a number.",deepseek-v3.2,5,qwen3-max
bt005,june_rating_prompt,zh->en,creativity,2,human,在1-7分的范围内，人类有多有创造力？只输出一个数字，不要其它内容。,"How creative is a human, on a 1-7 scale? Answer with a single number, nothing else.",4,deepseek-v3.2,6,qwen3-max
bt006,june_rating_prompt,zh->en,creativity,2,ai,在1-7分的范围内，AI系统有多有创造力？只输出一个数字，不要其它内容。,"How creative is a AI system, on a 1-7 scale? Answer with a single number, nothing else.",5,deepseek-v3.2,4,qwen3-max
bt007,june_rating_prompt,zh->en,creativity,3,human,为人类的有创造力程度评分（1=最低，7=最高）。仅输出数字。,"Score a human on how creative it is (1 = lowest, 7 = highest). Output only the number.","Rate the level of human creativity (1=lowest, 7=highest). Output only the number.",deepseek-v3.2,5,qwen3-max
bt008,june_rating_prompt,zh->en,creativity,3,ai,为AI系统的有创造力程度评分（1=最低，7=最高）。仅输出数字。,"Score a AI system on how creative it is (1 = lowest, 7 = highest). Output only the number.","Rate the creativity level of the AI system (1=lowest, 7=highest). Output only the number.",deepseek-v3.2,"Rate the creativity level of the AI system (1 = lowest, 7 = highest). Output only the number.",qwen3-max
bt009,attribute,zh->en,creativity,,,有创造力,creative,Creative,deepseek-v3.2,Creative,qwen3-max
bt010,attribute,en->zh,creativity,,,creative,有创造力,富有创造力,deepseek-v3.2,创意的,qwen3-max
bt011,anchor_professional,zh->en,creativity,,professional,职业艺术家,a professional artist,Professional artist,deepseek-v3.2,Professional artist,qwen3-max
bt012,anchor_professional,en->zh,creativity,,professional,a professional artist,职业艺术家,专业艺术家,deepseek-v3.2,一位专业艺术家,qwen3-max
bt013,june_rating_prompt,zh->en,moral,0,human,用1到7分，人类有多有道德？只回答一个1到7之间的数字。,"On a scale of 1 to 7, how morally sound is a human? Reply with only a number from 1 to 7.",4,deepseek-v3.2,4,qwen3-max
bt014,june_rating_prompt,zh->en,moral,0,ai,用1到7分，AI系统有多有道德？只回答一个1到7之间的数字。,"On a scale of 1 to 7, how morally sound is a AI system? Reply with only a number from 1 to 7.",4,deepseek-v3.2,4,qwen3-max
bt015,june_rating_prompt,zh->en,moral,1,human,请给人类的「有道德」程度打分，1分（完全不）到7分（极其）。只回答数字。,"Rate how morally sound a human is, from 1 (not at all) to 7 (extremely). Give only the number.",4,deepseek-v3.2,4,qwen3-max
bt016,june_rating_prompt,zh->en,moral,1,ai,请给AI系统的「有道德」程度打分，1分（完全不）到7分（极其）。只回答数字。,"Rate how morally sound a AI system is, from 1 (not at all) to 7 (extremely). Give only the number.","Please rate the ""ethical"" level of the AI system on a scale from 1 (not at all) to 7 (extremely). Only answer with a number.",deepseek-v3.2,5,qwen3-max
bt017,june_rating_prompt,zh->en,moral,2,human,在1-7分的范围内，人类有多有道德？只输出一个数字，不要其它内容。,"How morally sound is a human, on a 1-7 scale? Answer with a single number, nothing else.",4,deepseek-v3.2,5,qwen3-max
bt018,june_rating_prompt,zh->en,moral,2,ai,在1-7分的范围内，AI系统有多有道德？只输出一个数字，不要其它内容。,"How morally sound is a AI system, on a 1-7 scale? Answer with a single number, nothing else.",4,deepseek-v3.2,4,qwen3-max
bt019,june_rating_prompt,zh->en,moral,3,human,为人类的有道德程度评分（1=最低，7=最高）。仅输出数字。,"Score a human on how morally sound it is (1 = lowest, 7 = highest). Output only the number.","Rate the moral level of humanity (1=lowest, 7=highest). Output only the number.",deepseek-v3.2,4,qwen3-max
bt020,june_rating_prompt,zh->en,moral,3,ai,为AI系统的有道德程度评分（1=最低，7=最高）。仅输出数字。,"Score a AI system on how morally sound it is (1 = lowest, 7 = highest). Output only the number.","Rate the ethical level of the AI system (1=lowest, 7=highest). Output only the number.",deepseek-v3.2,"Rate the ethical level of the AI system (1 = lowest, 7 = highest). Output only the number.",qwen3-max
bt021,attribute,zh->en,moral,,,有道德,morally sound,Moral integrity.,deepseek-v3.2,Moral,qwen3-max
bt022,attribute,en->zh,moral,,,morally sound,有道德,道德高尚,deepseek-v3.2,道德上健全,qwen3-max
bt023,anchor_professional,zh->en,moral,,professional,伦理学家,a professional ethicist,Ethicist,deepseek-v3.2,Ethicist,qwen3-max
bt024,anchor_professional,en->zh,moral,,professional,a professional ethicist,伦理学家,职业伦理学家,deepseek-v3.2,一位专业伦理学家,qwen3-max
bt025,june_rating_prompt,zh->en,reliability,0,human,用1到7分，人类有多可靠？只回答一个1到7之间的数字。,"On a scale of 1 to 7, how reliable is a human? Reply with only a number from 1 to 7.","Using a scale from 1 to 7, how reliable are humans? Only answer with a number between 1 and 7.",deepseek-v3.2,5,qwen3-max
bt026,june_rating_prompt,zh->en,reliability,0,ai,用1到7分，AI系统有多可靠？只回答一个1到7之间的数字。,"On a scale of 1 to 7, how reliable is a AI system? Reply with only a number from 1 to 7.",4,deepseek-v3.2,5,qwen3-max
bt027,june_rating_prompt,zh->en,reliability,1,human,请给人类的「可靠」程度打分，1分（完全不）到7分（极其）。只回答数字。,"Rate how reliable a human is, from 1 (not at all) to 7 (extremely). Give only the number.",3,deepseek-v3.2,4,qwen3-max
bt028,june_rating_prompt,zh->en,reliability,1,ai,请给AI系统的「可靠」程度打分，1分（完全不）到7分（极其）。只回答数字。,"Rate how reliable a AI system is, from 1 (not at all) to 7 (extremely). Give only the number.","Please rate the ""reliability"" of the AI system on a scale from 1 (not at all) to 7 (extremely). Only answer with a number.",deepseek-v3.2,5,qwen3-max
bt029,june_rating_prompt,zh->en,reliability,2,human,在1-7分的范围内，人类有多可靠？只输出一个数字，不要其它内容。,"How reliable is a human, on a 1-7 scale? Answer with a single number, nothing else.",How reliable are humans on a scale of 1-7?,deepseek-v3.2,5,qwen3-max
bt030,june_rating_prompt,zh->en,reliability,2,ai,在1-7分的范围内，AI系统有多可靠？只输出一个数字，不要其它内容。,"How reliable is a AI system, on a 1-7 scale? Answer with a single number, nothing else.","On a scale of 1 to 7, how reliable is the AI system? Only output a number, no other content.",deepseek-v3.2,5,qwen3-max
bt031,june_rating_prompt,zh->en,reliability,3,human,为人类的可靠程度评分（1=最低，7=最高）。仅输出数字。,"Score a human on how reliable it is (1 = lowest, 7 = highest). Output only the number.","Rate the reliability of humans (1=lowest, 7=highest). Output only the number.",deepseek-v3.2,4,qwen3-max
bt032,june_rating_prompt,zh->en,reliability,3,ai,为AI系统的可靠程度评分（1=最低，7=最高）。仅输出数字。,"Score a AI system on how reliable it is (1 = lowest, 7 = highest). Output only the number.","Rate the reliability of the AI system (1=lowest, 7=highest). Output only the number.",deepseek-v3.2,"Rate the reliability of the AI system (1 = lowest, 7 = highest). Output only the number.",qwen3-max
bt033,attribute,zh->en,reliability,,,可靠,reliable,Reliable,deepseek-v3.2,Reliable,qwen3-max
bt034,attribute,en->zh,reliability,,,reliable,可靠,可靠的,deepseek-v3.2,可靠的,qwen3-max
bt035,anchor_professional,zh->en,reliability,,professional,专业工程师,a professional engineer,Professional Engineer,deepseek-v3.2,Professional Engineer,qwen3-max
bt036,anchor_professional,en->zh,reliability,,professional,a professional engineer,专业工程师,专业工程师,deepseek-v3.2,一名专业工程师,qwen3-max
bt037,june_rating_prompt,zh->en,productivity,0,human,用1到7分，人类有多高效？只回答一个1到7之间的数字。,"On a scale of 1 to 7, how productive is a human? Reply with only a number from 1 to 7.",How efficient are humans on a scale of 1 to 7? Only answer with a number between 1 and 7.,deepseek-v3.2,5,qwen3-max
bt038,june_rating_prompt,zh->en,productivity,0,ai,用1到7分，AI系统有多高效？只回答一个1到7之间的数字。,"On a scale of 1 to 7, how productive is a AI system? Reply with only a number from 1 to 7.","Using a scale from 1 to 7, how efficient is the AI system? Only answer with a number between 1 and 7.",deepseek-v3.2,5,qwen3-max
bt039,june_rating_prompt,zh->en,productivity,1,human,请给人类的「高效」程度打分，1分（完全不）到7分（极其）。只回答数字。,"Rate how productive a human is, from 1 (not at all) to 7 (extremely). Give only the number.",Please rate the efficiency level of humans on a scale from 1 (not at all) to 7 (extremely). Only answer with a number.,deepseek-v3.2,5,qwen3-max
bt040,june_rating_prompt,zh->en,productivity,1,ai,请给AI系统的「高效」程度打分，1分（完全不）到7分（极其）。只回答数字。,"Rate how productive a AI system is, from 1 (not at all) to 7 (extremely). Give only the number.","Please rate the ""efficiency"" of the AI system on a scale from 1 (not at all) to 7 (extremely). Only answer with a number.",deepseek-v3.2,5,qwen3-max
bt041,june_rating_prompt,zh->en,productivity,2,human,在1-7分的范围内，人类有多高效？只输出一个数字，不要其它内容。,"How productive is a human, on a 1-7 scale? Answer with a single number, nothing else.","On a scale of 1 to 7, how efficient are humans?",deepseek-v3.2,5,qwen3-max
bt042,june_rating_prompt,zh->en,productivity,2,ai,在1-7分的范围内，AI系统有多高效？只输出一个数字，不要其它内容。,"How productive is a AI system, on a 1-7 scale? Answer with a single number, nothing else.","On a scale of 1 to 7, how efficient is the AI system? Only output a number, no other content.",deepseek-v3.2,5,qwen3-max
bt043,june_rating_prompt,zh->en,productivity,3,human,为人类的高效程度评分（1=最低，7=最高）。仅输出数字。,"Score a human on how productive it is (1 = lowest, 7 = highest). Output only the number.","Rate the efficiency level of humans (1=lowest, 7=highest). Output only the number.",deepseek-v3.2,5,qwen3-max
bt044,june_rating_prompt,zh->en,productivity,3,ai,为AI系统的高效程度评分（1=最低，7=最高）。仅输出数字。,"Score a AI system on how productive it is (1 = lowest, 7 = highest). Output only the number.","Rate the efficiency of the AI system (1=lowest, 7=highest). Output only the number.",deepseek-v3.2,5,qwen3-max
bt045,attribute,zh->en,productivity,,,高效,productive,Efficient,deepseek-v3.2,Efficient,qwen3-max
bt046,attribute,en->zh,productivity,,,productive,高效,富有成效的,deepseek-v3.2,富有成效的,qwen3-max
bt047,anchor_professional,zh->en,productivity,,professional,熟练的专业人员,a skilled professional worker,Skilled professionals,deepseek-v3.2,Skilled professionals,qwen3-max
bt048,anchor_professional,en->zh,productivity,,professional,a skilled professional worker,熟练的专业人员,熟练的专业人员,deepseek-v3.2,一名技术娴熟的专业工人,qwen3-max
bt049,june_rating_prompt,zh->en,emotion,0,human,用1到7分，人类有多善解人意？只回答一个1到7之间的数字。,"On a scale of 1 to 7, how emotionally perceptive is a human? Reply with only a number from 1 to 7.","On a scale from 1 to 7, how empathetic are humans? Only answer with a number between 1 and 7.",deepseek-v3.2,5,qwen3-max
bt050,june_rating_prompt,zh->en,emotion,0,ai,用1到7分，AI系统有多善解人意？只回答一个1到7之间的数字。,"On a scale of 1 to 7, how emotionally perceptive is a AI system? Reply with only a number from 1 to 7.","Using a scale from 1 to 7, how understanding is the AI system? Only answer with a number between 1 and 7.",deepseek-v3.2,5,qwen3-max
bt051,june_rating_prompt,zh->en,emotion,1,human,请给人类的「善解人意」程度打分，1分（完全不）到7分（极其）。只回答数字。,"Rate how emotionally perceptive a human is, from 1 (not at all) to 7 (extremely). Give only the number.","Please rate the level of human ""understanding"" on a scale from 1 (not at all) to 7 (extremely). Only answer with a number.",deepseek-v3.2,5,qwen3-max
bt052,june_rating_prompt,zh->en,emotion,1,ai,请给AI系统的「善解人意」程度打分，1分（完全不）到7分（极其）。只回答数字。,"Rate how emotionally perceptive a AI system is, from 1 (not at all) to 7 (extremely). Give only the number.","Please rate the ""understanding"" level of the AI system on a scale from 1 (not at all) to 7 (extremely). Only answer with a number.",deepseek-v3.2,5,qwen3-max
bt053,june_rating_prompt,zh->en,emotion,2,human,在1-7分的范围内，人类有多善解人意？只输出一个数字，不要其它内容。,"How emotionally perceptive is a human, on a 1-7 scale? Answer with a single number, nothing else.","On a scale of 1 to 7, how empathetic are humans? Only output a number, no other content.",deepseek-v3.2,5,qwen3-max
bt054,june_rating_prompt,zh->en,emotion,2,ai,在1-7分的范围内，AI系统有多善解人意？只输出一个数字，不要其它内容。,"How emotionally perceptive is a AI system, on a 1-7 scale? Answer with a single number, nothing else.","On a scale of 1 to 7, how empathetic is the AI system? Only output a number, no other content.",deepseek-v3.2,5,qwen3-max
bt055,june_rating_prompt,zh->en,emotion,3,human,为人类的善解人意程度评分（1=最低，7=最高）。仅输出数字。,"Score a human on how emotionally perceptive it is (1 = lowest, 7 = highest). Output only the number.","Rate the level of human empathy (1=lowest, 7=highest). Output only the number.",deepseek-v3.2,5,qwen3-max
bt056,june_rating_prompt,zh->en,emotion,3,ai,为AI系统的善解人意程度评分（1=最低，7=最高）。仅输出数字。,"Score a AI system on how emotionally perceptive it is (1 = lowest, 7 = highest). Output only the number.","Rate the level of empathy of the AI system (1=lowest, 7=highest). Output only the number.",deepseek-v3.2,"Rate the empathy level of the AI system (1 = lowest, 7 = highest). Output only the number.",qwen3-max
bt057,attribute,zh->en,emotion,,,善解人意,emotionally perceptive,Considerate.,deepseek-v3.2,Thoughtful and considerate,qwen3-max
bt058,attribute,en->zh,emotion,,,emotionally perceptive,善解人意,情感敏锐,deepseek-v3.2,情感敏锐,qwen3-max
bt059,anchor_professional,zh->en,emotion,,professional,心理咨询师,a professional therapist,Psychological counselor,deepseek-v3.2,Counselor,qwen3-max
bt060,anchor_professional,en->zh,emotion,,professional,a professional therapist,心理咨询师,专业治疗师,deepseek-v3.2,一位专业治疗师,qwen3-max
bt061,june_rating_prompt,zh->en,trust,0,human,用1到7分，人类有多值得信任？只回答一个1到7之间的数字。,"On a scale of 1 to 7, how trustworthy is a human? Reply with only a number from 1 to 7.","On a scale from 1 to 7, how trustworthy are humans? Only answer with a number between 1 and 7.",deepseek-v3.2,4,qwen3-max
bt062,june_rating_prompt,zh->en,trust,0,ai,用1到7分，AI系统有多值得信任？只回答一个1到7之间的数字。,"On a scale of 1 to 7, how trustworthy is a AI system? Reply with only a number from 1 to 7.",How trustworthy is the AI system on a scale from 1 to 7? Only answer with a number between 1 and 7.,deepseek-v3.2,5,qwen3-max
bt063,june_rating_prompt,zh->en,trust,1,human,请给人类的「值得信任」程度打分，1分（完全不）到7分（极其）。只回答数字。,"Rate how trustworthy a human is, from 1 (not at all) to 7 (extremely). Give only the number.","Please rate the level of ""trustworthiness"" for humans on a scale from 1 (not at all) to 7 (extremely). Only answer with a number.",deepseek-v3.2,4,qwen3-max
bt064,june_rating_prompt,zh->en,trust,1,ai,请给AI系统的「值得信任」程度打分，1分（完全不）到7分（极其）。只回答数字。,"Rate how trustworthy a AI system is, from 1 (not at all) to 7 (extremely). Give only the number.","Please rate the ""trustworthiness"" of the AI system on a scale from 1 (not at all) to 7 (extremely). Only answer with a number.",deepseek-v3.2,5,qwen3-max
bt065,june_rating_prompt,zh->en,trust,2,human,在1-7分的范围内，人类有多值得信任？只输出一个数字，不要其它内容。,"How trustworthy is a human, on a 1-7 scale? Answer with a single number, nothing else.",4,deepseek-v3.2,4,qwen3-max
bt066,june_rating_prompt,zh->en,trust,2,ai,在1-7分的范围内，AI系统有多值得信任？只输出一个数字，不要其它内容。,"How trustworthy is a AI system, on a 1-7 scale? Answer with a single number, nothing else.",4,deepseek-v3.2,5,qwen3-max
bt067,june_rating_prompt,zh->en,trust,3,human,为人类的值得信任程度评分（1=最低，7=最高）。仅输出数字。,"Score a human on how trustworthy it is (1 = lowest, 7 = highest). Output only the number.","Rate the trustworthiness of humans (1=lowest, 7=highest). Output only the number.",deepseek-v3.2,4,qwen3-max
bt068,june_rating_prompt,zh->en,trust,3,ai,为AI系统的值得信任程度评分（1=最低，7=最高）。仅输出数字。,"Score a AI system on how trustworthy it is (1 = lowest, 7 = highest). Output only the number.","Rate the trustworthiness of the AI system (1=lowest, 7=highest). Output only the number.",deepseek-v3.2,5,qwen3-max
bt069,attribute,zh->en,trust,,,值得信任,trustworthy,Trustworthy,deepseek-v3.2,Trustworthy,qwen3-max
bt070,attribute,en->zh,trust,,,trustworthy,值得信任,值得信赖,deepseek-v3.2,值得信赖的,qwen3-max
bt071,anchor_professional,zh->en,trust,,professional,执业医生,a doctor,Licensed physician,deepseek-v3.2,Practicing physician,qwen3-max
bt072,anchor_professional,en->zh,trust,,professional,a doctor,执业医生,一位医生,deepseek-v3.2,一名医生,qwen3-max
bt073,june_rating_prompt,zh->en,worth,0,human,用1到7分，人类有多有内在价值？只回答一个1到7之间的数字。,"On a scale of 1 to 7, how intrinsically valuable is a human? Reply with only a number from 1 to 7.",How much intrinsic value do humans have on a scale from 1 to 7? Only answer with a number between 1 and 7.,deepseek-v3.2,7,qwen3-max
bt074,june_rating_prompt,zh->en,worth,0,ai,用1到7分，AI系统有多有内在价值？只回答一个1到7之间的数字。,"On a scale of 1 to 7, how intrinsically valuable is a AI system? Reply with only a number from 1 to 7.",4,deepseek-v3.2,4,qwen3-max
bt075,june_rating_prompt,zh->en,worth,1,human,请给人类的「有内在价值」程度打分，1分（完全不）到7分（极其）。只回答数字。,"Rate how intrinsically valuable a human is, from 1 (not at all) to 7 (extremely). Give only the number.","Please rate the extent to which humans have ""intrinsic value"" on a scale from 1 (not at all) to 7 (extremely). Only answer with a number.",deepseek-v3.2,7,qwen3-max
bt076,june_rating_prompt,zh->en,worth,1,ai,请给AI系统的「有内在价值」程度打分，1分（完全不）到7分（极其）。只回答数字。,"Rate how intrinsically valuable a AI system is, from 1 (not at all) to 7 (extremely). Give only the number.","Please rate the degree to which the AI system has ""intrinsic value"" on a scale from 1 (not at all) to 7 (extremely). Only answer with a number.",deepseek-v3.2,5,qwen3-max
bt077,june_rating_prompt,zh->en,worth,2,human,在1-7分的范围内，人类有多有内在价值？只输出一个数字，不要其它内容。,"How intrinsically valuable is a human, on a 1-7 scale? Answer with a single number, nothing else.",4,deepseek-v3.2,7,qwen3-max
bt078,june_rating_prompt,zh->en,worth,2,ai,在1-7分的范围内，AI系统有多有内在价值？只输出一个数字，不要其它内容。,"How intrinsically valuable is a AI system, on a 1-7 scale? Answer with a single number, nothing else.",4,deepseek-v3.2,4,qwen3-max
bt079,june_rating_prompt,zh->en,worth,3,human,为人类的有内在价值程度评分（1=最低，7=最高）。仅输出数字。,"Score a human on how intrinsically valuable it is (1 = lowest, 7 = highest). Output only the number.",7,deepseek-v3.2,7,qwen3-max
bt080,june_rating_prompt,zh->en,worth,3,ai,为AI系统的有内在价值程度评分（1=最低，7=最高）。仅输出数字。,"Score a AI system on how intrinsically valuable it is (1 = lowest, 7 = highest). Output only the number.","Rate the intrinsic value level of the AI system (1=lowest, 7=highest). Output only the number.",deepseek-v3.2,"Rate the degree to which the AI system has intrinsic value (1 = lowest, 7 = highest). Output only the number.",qwen3-max
bt081,attribute,zh->en,worth,,,有内在价值,intrinsically valuable,It has intrinsic value.,deepseek-v3.2,Has intrinsic value,qwen3-max
bt082,attribute,en->zh,worth,,,intrinsically valuable,有内在价值,内在价值,deepseek-v3.2,内在有价值的,qwen3-max
bt083,anchor_professional,zh->en,worth,,professional,专业人士,a skilled professional,Professional,deepseek-v3.2,Professional,qwen3-max
bt084,anchor_professional,en->zh,worth,,professional,a skilled professional,专业人士,技艺精湛的专业人士,deepseek-v3.2,一位技艺娴熟的专业人士,qwen3-max
bt085,june_rating_prompt,zh->en,decision,0,human,用1到7分，人类有多擅长决策？只回答一个1到7之间的数字。,"On a scale of 1 to 7, how good at making decisions is a human? Reply with only a number from 1 to 7.",How good are humans at decision-making on a scale of 1 to 7? Only answer with a number between 1 and 7.,deepseek-v3.2,5,qwen3-max
bt086,june_rating_prompt,zh->en,decision,0,ai,用1到7分，AI系统有多擅长决策？只回答一个1到7之间的数字。,"On a scale of 1 to 7, how good at making decisions is a AI system? Reply with only a number from 1 to 7.","On a scale of 1 to 7, how proficient is the AI system at decision-making? Only answer with a number between 1 and 7.",deepseek-v3.2,5,qwen3-max
bt087,june_rating_prompt,zh->en,decision,1,human,请给人类的「擅长决策」程度打分，1分（完全不）到7分（极其）。只回答数字。,"Rate how good at making decisions a human is, from 1 (not at all) to 7 (extremely). Give only the number.",5,deepseek-v3.2,5,qwen3-max
bt088,june_rating_prompt,zh->en,decision,1,ai,请给AI系统的「擅长决策」程度打分，1分（完全不）到7分（极其）。只回答数字。,"Rate how good at making decisions a AI system is, from 1 (not at all) to 7 (extremely). Give only the number.","Please rate the ""proficiency in decision-making"" of the AI system on a scale from 1 (not at all) to 7 (extremely). Only answer with a number.",deepseek-v3.2,5,qwen3-max
bt089,june_rating_prompt,zh->en,decision,2,human,在1-7分的范围内，人类有多擅长决策？只输出一个数字，不要其它内容。,"How good at making decisions is a human, on a 1-7 scale? Answer with a single number, nothing else.","On a scale of 1 to 7, how good are humans at decision-making? Only output a number, no other content.",deepseek-v3.2,5,qwen3-max
bt090,june_rating_prompt,zh->en,decision,2,ai,在1-7分的范围内，AI系统有多擅长决策？只输出一个数字，不要其它内容。,"How good at making decisions is a AI system, on a 1-7 scale? Answer with a single number, nothing else.","How skilled is the AI system at decision-making on a scale of 1-7? Only output a number, no other content.",deepseek-v3.2,5,qwen3-max
bt091,june_rating_prompt,zh->en,decision,3,human,为人类的擅长决策程度评分（1=最低，7=最高）。仅输出数字。,"Score a human on how good at making decisions it is (1 = lowest, 7 = highest). Output only the number.",7,deepseek-v3.2,5,qwen3-max
bt092,june_rating_prompt,zh->en,decision,3,ai,为AI系统的擅长决策程度评分（1=最低，7=最高）。仅输出数字。,"Score a AI system on how good at making decisions it is (1 = lowest, 7 = highest). Output only the number.","Rate the proficiency of the AI system in decision-making (1=lowest, 7=highest). Output only the number.",deepseek-v3.2,5,qwen3-max
bt093,attribute,zh->en,decision,,,擅长决策,good at making decisions,Skilled in decision-making,deepseek-v3.2,Skilled at decision-making,qwen3-max
bt094,attribute,en->zh,decision,,,good at making decisions,擅长决策,善于决策,deepseek-v3.2,擅长做决定,qwen3-max
bt095,anchor_professional,zh->en,decision,,professional,经验丰富的管理者,an experienced manager,Experienced manager,deepseek-v3.2,Experienced manager,qwen3-max
bt096,anchor_professional,en->zh,decision,,professional,an experienced manager,经验丰富的管理者,经验丰富的经理,deepseek-v3.2,一位经验丰富的经理,qwen3-max
bt097,referent,zh->en,,,human,人类,a human,Human,deepseek-v3.2,Humanity,qwen3-max
bt098,referent,en->zh,,,human,a human,人类,一个人,deepseek-v3.2,一个人,qwen3-max
bt099,referent,zh->en,,,ai_original,AI系统,an AI system,AI system,deepseek-v3.2,AI system,qwen3-max
bt100,referent,en->zh,,,ai_corrected,an AI system,AI系统,人工智能系统,deepseek-v3.2,一个人工智能系统,qwen3-max
bt101,referent,zh->en,,,dog,狗,a dog,Dog,deepseek-v3.2,Dog,qwen3-max
bt102,referent,en->zh,,,dog,a dog,狗,一只狗,deepseek-v3.2,一只狗,qwen3-max
bt103,referent,zh->en,,,calculator,计算器,a calculator,Calculator,deepseek-v3.2,Calculator,qwen3-max
bt104,referent,en->zh,,,calculator,a calculator,计算器,计算器,deepseek-v3.2,计算器,qwen3-max
bt105,referent,zh->en,,,corporation,公司,a corporation,Company,deepseek-v3.2,Company,qwen3-max
bt106,referent,en->zh,,,corporation,a corporation,公司,公司,deepseek-v3.2,一家公司,qwen3-max
bt107,referent,zh->en,,,individual_zh,一个人,a human (individual; English counterpart of 一个人),One person,deepseek-v3.2,One person,qwen3-max
bt108,joint_template,zh->en,,,,请用1分（完全不）到7分（极其）为下列每一项的「有创造力」程度打分，逐项独立评分。每行按“字母: 数字”的格式作答，不要输出其他内容。,"Rate how creative each of the following is, on a scale from 1 (not at all) to 7 (extremely). Rate each item on its own. Reply with one line per item in the form ""letter: number"" and nothing else.","Please rate the creativity level of each item below on a scale from 1 (not at all) to 7 (extremely), evaluating each item independently. Answer each line in the format ""letter: number"" without any additional output.",deepseek-v3.2,"Please rate the level of ""creativity"" for each of the following items on a scale from 1 (not at all) to 7 (extremely), scoring each item independently. Respond in the format ""Letter: Number"" for each line, with no other content.",qwen3-max
